Workbook

Sheet Read.Me
G1: 5/3/1 Worksheet | K1: v3.0F | N1: Created by Pazienxa/diregna
A2: IMPORTANT: Only Modify the Boxes Highlighted in Grey
A4: Progress Tracker
A5: The Progress Tracker is 100% synced with your latest workout numbers. Just enter the number of reps done and the estimated 1RM will be automatically graphed and logged. It requires absolutely no work on your part to maintain. Even if you miss a week, the graph and tracker will be adjusted to correctly reflect this! Furthermore, your highest 1RM to date is always displayed on top of the sheet and of course, is done automatically for you. The only thing that you need to do is enter the number of reps done in the main worksheet!
A7: Stall Adjustment
A8: What really sets this 5/3/1 Worksheet apart from the every other weekly workout sheet is the Stall Adjustment. As much as we all want never ending progress, there comes a time when we have to readjust or lower the weight. In the past, this can only be done by readjusting your entire workout logs, erasing your past progress, and what if you have to reset more than once?
A9: This is what the Stall Adjustment is for. Not only will you be able to choose which exercise to reset, but also by how much. This is all done without adjusting the numbers from previous weeks or cycles. Furthermore, all of the weights in successive weeks will be properly adjusted to reflect the amount. You can reset as many times as necessary and everything will always be correctly adjusted. This includes the Progress Tracker! To use this feature, simply type any words or letter into the Stall Box next to the appropriate exercise and enter the amount of weight to back off. Your weights for the NEXT cycle will be appropriately adjusted. Weights for the current cycle will remain unchanged.
A10: Of course, nobody ever wants to use this feature ;)
A12: Rep Goals
A13: Explaination of Rep Goals - In week 1, the rep goal is calculated by adding 5lbs to your working 1RM. If you achieve the rep goal, your estimated 1RM will be at least 5lbs more than your working 1RM In week 2, the rep goal will be generated by adding 5lbs to your previous week's (week 1) estimated 1RM and the same concept works for week 3 if you get the rep goal. - If you are unable to get the number of reps recommended but the estimated 1RM is still greater than your current working 1RM, the following week's rep goal will still be generated by adding 5lbs onto your estimated 1RM. - However, if the estimated 1RM is lower than your current working 1RM at any given week, the rep goal for next week will be calculated such that you will beat your current working 1RM by 5lbs or more.
A15: For Example: Say my current working 1RM is 365 for squat. For week 1, I need to get 5+ for 310. The calculator also tells me that in order to beat my working 1RM of 365 by 5lbs, I will need to get at least 7 reps of 310 which will put me at an estimated 370. If I do get 7 reps, I will have to do 330x6=385 in week 2 to beat my max of 370 because if I only get 330x5, that is still an estimated max of 370. But say I wasn't feeling all that great and only went for the minimum number of 5 reps, that puts my estimated 1RM at 350, which is lower than my current working 1RM of 365. Therefore in week 2, the calculator will again add 5lbs to my current working 1RM of 365 and calculate the rep goal. In this scenario it will be 330x5 which gives an estimated 1RM of 370.
A17: For 3/5/1 Powerlifting, the rep goals are only in effect for weeks 1 and 3. Week 3's rep goals are calculated based on week 1's estimated 1RM
A19: As the weights get higher, it may become necessary to adjust the +5lbs to a higher amount to get a more accurate estimate. You may notice that the rep goal for the next week may give the same 1RM or even a lower 1RM. This is when you should modify the rep goal feature in the Start-Options page.
... A30: This spreadsheet is intended for personal use only and is in no way affliated with Jim Wendler. It is not intended to teach you the program or training methodologies. Please purchase his 5/3/1 Books if you have not done so already.
C31: =HYPERLINK("http://store.jimwendler.com/SearchResults.asp?Cat=1477","Buy 5/3/1") -> Buy 5/3/1
A32: The worksheet is protected by password and is not intended to be modified or changed without my direct consent or approval. The raw version will only be released to serious programmers for debugging, code refactoring, or development of future versions.
A34: Contact Me: You can reach me by the way of Private Messaging Pazienxa on Bodybuilding.com/forums or diregna on Reddit.

Sheet Start-Options
A1: 531 Start/Options
C3: Weight | D3: Reps | E3: 1RM | F3: 0.9 | I3: Multi Estimator
B4: Military | C4: 55 | D4: 1 | E4: =IF(D4="","",MROUND((C4*36)/(37-D4),B38)) -> 55 | F4: =IF(D4="","",MROUND(E4*0.9,5)) -> 50 | H4: Weight | I4: Reps | J4: 1RM
B5: Deadlift | C5: 90 | D5: 10 | E5: =IF(D5="","",MROUND((C5*36)/(37-D5),B38)) -> 120 | F5: =IF(D5="","",MROUND(E5*0.9,5)) -> 110 | J5: =IF(OR(I5="",H5=""),"",MROUND((36*H5)/(37-I5),5))
B6: Bench | C6: 75 | D6: 1 | E6: =IF(D6="","",MROUND((C6*36)/(37-D6),B38)) -> 75 | F6: =IF(D6="","",MROUND(E6*0.9,5)) -> 70 | I6: =IF(OR(H6="",J6=""),"",ROUND(37-(36*H6/J6),0))
B7: Squat | C7: 80 | D7: 5 | E7: =IF(D7="","",MROUND((C7*36)/(37-D7),B38)) -> 90 | F7: =IF(D7="","",MROUND(E7*0.9,5)) -> 80 | H7: =IF(OR(I7="",J7=""),"",MROUND(J7/(36/(37-I7)),5))
B8: Note: Information only needs to be entered once. Your training maxes will be automatically updated in each cycle.
B9: Accessory
B10: Day 1
B11: Pull Ups | C11: 90 | D11: 8 | E11: =IF(D11="","",MROUND((C11*36)/(37-D11),$B$38)) -> 112.5 | F11: =IF(D11="","",MROUND(E11*0.9,5)) -> 100
B12: Barbell Row | C12: 42.5 | D12: 10 | E12: =IF(D12="","",MROUND((C12*36)/(37-D12),$B$38)) -> 57.5 | F12: =IF(D12="","",MROUND(E12*0.9,5)) -> 50
B13: Dips | C13: 90 | D13: 8 | E13: =IF(D13="","",MROUND((C13*36)/(37-D13),$B$38)) -> 112.5 | F13: =IF(D13="","",MROUND(E13*0.9,5)) -> 100
B14: BB Curl | C14: 25 | D14: 5 | E14: =IF(D14="","",MROUND((C14*36)/(37-D14),$B$38)) -> 27.5 | F14: =IF(D14="","",MROUND(E14*0.9,5)) -> 25
B15: Barbell Rear Delt Row | C15: 30 | D15: 10 | E15: =IF(D15="","",MROUND((C15*36)/(37-D15),$B$38)) -> 40 | F15: =IF(D15="","",MROUND(E15*0.9,5)) -> 35
B16: Lateral Raise | C16: 10 | D16: 12 | E16: =IF(D16="","",MROUND((C16*36)/(37-D16),$B$38)) -> 15 | F16: =IF(D16="","",MROUND(E16*0.9,5)) -> 15 | G16: LBS
B17: Day 2
B18: RDL | C18: 50 | D18: 8 | E18: =IF(D18="","",MROUND((C18*36)/(37-D18),$B$38)) -> 62.5 | F18: =IF(D18="","",MROUND(E18*0.9,5)) -> 55
B19: Stiff Leg Deadlift | C19: 30 | D19: 10 | E19: =IF(D19="","",MROUND((C19*36)/(37-D19),$B$38)) -> 40 | F19: =IF(D19="","",MROUND(E19*0.9,5)) -> 35
B20: Hanging Leg Raise | C20: 90 | D20: 8 | E20: =IF(D20="","",MROUND((C20*36)/(37-D20),$B$38)) -> 112.5 | F20: =IF(D20="","",MROUND(E20*0.9,5)) -> 100
B21: Day 3
B22: Chin Ups | C22: 90 | D22: 8 | E22: =IF(D22="","",MROUND((C22*36)/(37-D22),$B$38)) -> 112.5 | F22: =IF(D22="","",MROUND(E22*0.9,5)) -> 100
B23: Incline Bench | C23: 45 | D23: 10 | E23: =IF(D23="","",MROUND((C23*36)/(37-D23),$B$38)) -> 60 | F23: =IF(D23="","",MROUND(E23*0.9,5)) -> 55
B24: Hammer Curl | C24: 30 | D24: 10 | E24: =IF(D24="","",MROUND((C24*36)/(37-D24),$B$38)) -> 40 | F24: =IF(D24="","",MROUND(E24*0.9,5)) -> 35
B25: Barbell Overhead Triceps Extension | C25: 10 | D25: 12 | E25: =IF(D25="","",MROUND((C25*36)/(37-D25),$B$38)) -> 15 | F25: =IF(D25="","",MROUND(E25*0.9,5)) -> 15
B26: Day 4
B27: Front Squat | C27: 30 | D27: 10 | E27: =IF(D27="","",MROUND((C27*36)/(37-D27),$B$38)) -> 40 | F27: =IF(D27="","",MROUND(E27*0.9,5)) -> 35
B28: Good Mornings | C28: 10 | D28: 12 | E28: =IF(D28="","",MROUND((C28*36)/(37-D28),$B$38)) -> 15 | F28: =IF(D28="","",MROUND(E28*0.9,5)) -> 15
B29: Barbell Hip Thrust | C29: 10 | D29: 12 | E29: =IF(D29="","",MROUND((C29*36)/(37-D29),$B$38)) -> 15 | F29: =IF(D29="","",MROUND(E29*0.9,5)) -> 15
B31: Increment/Cycle | E31: Rep Goal Increment | P31: =in -> #NAME?
B32: =B4 -> Military | C32: 2,5 | E32: =B4 -> Military | F32: 2.5 | H32: 5/3/1 Program
B33: =B5 -> Deadlift | C33: 5 | E33: =B5 -> Deadlift | F33: 2.5 | H33: 3/5/1 Powerlifters | L33: 2.5
B34: =B6 -> Bench | C34: 2,5 | E34: =B6 -> Bench | F34: 2.5 | H34: Progress Tracker 531
B35: =B7 -> Squat | C35: 5 | E35: =B7 -> Squat | F35: 2.5 | H35: Progress Tracker 351
E36: Accessory | F36: 2.5 | H36: Accessory Planner | L36: 18.5 | M36: =MROUND(L15,2) -> #ERROR! | O36: 20 | P36: =LCM(O36) -> 20
B37: Rounding | H37: 531 Beginner | L37: =L36+$L$33 -> 21 | O37: =O36+$L$33 -> 22.5 | P37: =LCM(O37) -> 22
B38: 2.5 | L38: =L37+$L$33 -> 23.5 | O38: =O37+$L$33 -> 25 | P38: =LCM(O38) -> 25
L39: =L38+$L$33 -> 26 | O39: =O38+$L$33 -> 27.5 | P39: =LCM(O39) -> 27
L40: =L39+$L$33 -> 28.5 | O40: =O39+$L$33 -> 30 | P40: =LCM(O40) -> 30
A41: It is strongly recommended that you do not modify any information on this page AFTER you have started your cycle.In addition, you are encouraged to lock the spreadsheet to prevent accidental deletion of formulaes. | L41: =L40+$L$33 -> 31 | O41: =O40+$L$33 -> 32.5 | P41: =LCM(O41) -> 32
L42: =L41+$L$33 -> 33.5 | O42: =O41+$L$33 -> 35 | P42: =LCM(O42) -> 35
L43: =L42+$L$33 -> 36 | O43: =O42+$L$33 -> 37.5 | P43: =LCM(O43) -> 37
L44: =L43+$L$33 -> 38.5 | O44: =O43+$L$33 -> 40 | P44: =LCM(O44) -> 40
L45: =L44+$L$33 -> 41 | O45: =O44+$L$33 -> 42.5 | P45: =LCM(O45) -> 42
L46: =L45+$L$33 -> 43.5 | O46: =O45+$L$33 -> 45 | P46: =LCM(O46) -> 45
L47: =L46+$L$33 -> 46 | O47: =O46+$L$33 -> 47.5 | P47: =LCM(O47) -> 47
L48: =L47+$L$33 -> 48.5 | O48: =O47+$L$33 -> 50 | P48: =LCM(O48) -> 50
L49: =L48+$L$33 -> 51 | O49: =O48+$L$33 -> 52.5 | P49: =LCM(O49) -> 52
L50: =L49+$L$33 -> 53.5 | O50: =O49+$L$33 -> 55 | P50: =LCM(O50) -> 55

Sheet 531
J1: 5/3/1 Calculator | P1: v3.0F
I2: Vikt | J2: 72.5 | K2: ='Kopia av Sheet1'!E10 -> 1 | L2: 20 | M2: kg
A3: 1RM Calculator | D3: Rep Goal Calculator | I3: Barbell | J3: 20 | K3: ='Kopia av Sheet1'!E11 -> 0 | L3: 15 | M3: kg | P3: Weight Calculator | V3: Start/Options
A4: Weight | B4: Reps | C4: 1RM | D4: Weight | E4: 1RM | F4: Rep | I4: Sida | J4: ='Kopia av Sheet1'!H14 -> 26.25 | K4: ='Kopia av Sheet1'!E12 -> 0 | L4: 10 | M4: kg | P4: 1RM | Q4: Reps | R4: Weight | V4: Progress Tracker
A5: 120 | B5: 3 | C5: =IF(OR(B5="",A5=""),"",MROUND((36*A5)/(37-B5),'Start-Options'!B38)) -> 127.5 | D5: 42.5 | E5: 50 | F5: =IF(OR(D5="",E5=""),"",ROUND(37-(36*D5/E5),0)) -> 6 | K5: ='Kopia av Sheet1'!E13 -> 1 | L5: 5 | M5: kg | R5: =IF(OR(Q5="",P5=""),"",MROUND(P5/(36/(37-Q5)),'Start-Options'!B38)) | V5: Accessory Planner
H6: Joker= 5 reps av +5 procent av tredje setet, öka med 5 procent till failure | K6: ='Kopia av Sheet1'!E14 -> 0 | L6: 2.5 | M6: kg
F7: FSL =3-5 sets av 5-8 reps av första setet | K7: ='Kopia av Sheet1'!E15 -> 1 | L7: 1.25 | M7: kg
L10: Cycle 1
B11: Week 1 3x5 | J11: Week 2 3x3 | Q11: Week 3 5/3/1 | V11: Week 4 Deload
B12: Weight | C12: Rep Goal | D12: 1RM Goal | E12: Reps Done | F12: 1RM | I12: Weight | J12: Rep Goal | K12: 1RM Goal | L12: Reps Done | M12: 1RM | P12: Weight | Q12: Rep Goal | R12: 1RM Goal | S12: Reps Done | T12: 1RM | W12: Weight | Y12: Cycle 1 1RM
B13: =IF('Start-Options'!D4="","",MROUND('Start-Options'!F4*0.65,'Start-Options'!B38)) -> 32.5 | I13: =IF('Start-Options'!D4="","",MROUND('Start-Options'!F4*0.7,'Start-Options'!B38)) -> 35 | P13: =IF('Start-Options'!D4="","",MROUND('Start-Options'!F4*0.75,'Start-Options'!B38)) -> 37.5 | W13: =IF('Start-Options'!D4="","",MROUND('Start-Options'!F4*0.4,'Start-Options'!B38)) -> 20 | Y13: ='Start-Options'!B4 -> Military | Z13: ='Start-Options'!F4 -> 50
A14: ='Start-Options'!B4 -> Military | B14: =IF('Start-Options'!D4="","",MROUND('Start-Options'!F4*0.75,'Start-Options'!B38)) -> 37.5 | H14: ='Start-Options'!B4 -> Military | I14: =IF('Start-Options'!D4="","",MROUND('Start-Options'!F4*0.8,'Start-Options'!B38)) -> 40 | O14: ='Start-Options'!B4 -> Military | P14: =IF('Start-Options'!D4="","",MROUND('Start-Options'!F4*0.85,'Start-Options'!B38)) -> 42.5 | V14: ='Start-Options'!B4 -> Military | W14: =IF('Start-Options'!D4="","",MROUND('Start-Options'!F4*0.5,'Start-Options'!B38)) -> 25 | Y14: ='Start-Options'!B5 -> Deadlift | Z14: ='Start-Options'!F5 -> 110
B15: =IF('Start-Options'!D4="","",MROUND('Start-Options'!F4*0.85,'Start-Options'!B38)) -> 42.5 | C15: =IF('Start-Options'!D4="","",ROUND((37-36*B15/('Start-Options'!F4+'Start-Options'!F32)),0)) -> 8 | D15: =IF('Start-Options'!D4="","",MROUND(B15*36/(37-C15),'Start-Options'!B38)) -> 52.5 | E15: 8 | F15: =IF(E15="","",MROUND(36*B15/(37-E15),'Start-Options'!B38)) -> 52.5 | I15: =IF('Start-Options'!D4="","",MROUND('Start-Options'!F4*0.9,'Start-Options'!B38)) -> 45 | J15: =IF(F15="","",IF(F15<'Start-Options'!F4,ROUND((37-36*I15/('Start-Options'!F4+'Start-Options'!F32)),0),ROUND((37-36*I15/(F15+'Start-Options'!F32)),0))) -> 8 | K15: =IF(J15="","",MROUND(I15*36/(37-J15),'Start-Options'!B38)) -> 55 | M15: =IF(L15="","",MROUND(36*I15/(37-L15),'Start-Options'!B38)) | P15: =IF('Start-Options'!D4="","",MROUND('Start-Options'!F4*0.95,'Start-Options'!B38)) -> 47.5 | Q15: =IF(M15="","",IF(M15<'Start-Options'!F4,ROUND((37-36*P15/('Start-Options'!F4+'Start-Options'!F32)),0),ROUND((37-36*P15/(M15+'Start-Options'!F32)),0))) | R15: =IF(Q15="","",MROUND(P15*36/(37-Q15),'Start-Options'!B38)) | T15: =IF(S15="","",MROUND(36*P15/(37-S15),'Start-Options'!B38)) | W15: =IF('Start-Options'!D4="","",MROUND('Start-Options'!F4*0.6,'Start-Options'!B38)) -> 30 | Y15: ='Start-Options'!B6 -> Bench | Z15: ='Start-Options'!F6 -> 70
B16: =IF('Start-Options'!D5="","",MROUND('Start-Options'!F5*0.65,'Start-Options'!B38)) -> 72.5 | I16: =IF('Start-Options'!D5="","",MROUND('Start-Options'!F5*0.7,'Start-Options'!B38)) -> 77.5 | P16: =IF('Start-Options'!D5="","",MROUND('Start-Options'!F5*0.75,'Start-Options'!B38)) -> 82.5 | W16: =IF('Start-Options'!D5="","",MROUND('Start-Options'!F5*0.4,'Start-Options'!B38)) -> 45 | Y16: ='Start-Options'!B7 -> Squat | Z16: ='Start-Options'!F7 -> 80
A17: ='Start-Options'!B5 -> Deadlift | B17: =IF('Start-Options'!D5="","",MROUND('Start-Options'!F5*0.75,'Start-Options'!B38)) -> 82.5 | H17: ='Start-Options'!B5 -> Deadlift | I17: =IF('Start-Options'!D5="","",MROUND('Start-Options'!F5*0.8,'Start-Options'!B38)) -> 87.5 | O17: ='Start-Options'!B5 -> Deadlift | P17: =IF('Start-Options'!D5="","",MROUND('Start-Options'!F5*0.85,'Start-Options'!B38)) -> 92.5 | V17: ='Start-Options'!B5 -> Deadlift | W17: =IF('Start-Options'!D5="","",MROUND('Start-Options'!F5*0.5,'Start-Options'!B38)) -> 55
B18: =IF('Start-Options'!D5="","",MROUND('Start-Options'!F5*0.85,'Start-Options'!B38)) -> 92.5 | C18: =IF('Start-Options'!D5="","",ROUND((37-36*B18/('Start-Options'!F5+'Start-Options'!F33)),0)) -> 7 | D18: =IF('Start-Options'!D5="","",MROUND(B18*36/(37-C18),'Start-Options'!B38)) -> 110 | E18: 7 | F18: =IF(E18="","",MROUND(36*B18/(37-E18),'Start-Options'!B38)) -> 110 | I18: =IF('Start-Options'!D5="","",MROUND('Start-Options'!F5*0.9,'Start-Options'!B38)) -> 100 | J18: =IF(F18="","",IF(F18<'Start-Options'!F5,ROUND((37-36*I18/('Start-Options'!F5+'Start-Options'!F33)),0),ROUND((37-36*I18/(F18+'Start-Options'!F33)),0))) -> 5 | K18: =IF(J18="","",MROUND(I18*36/(37-J18),'Start-Options'!B38)) -> 112.5 | M18: =IF(L18="","",MROUND(36*I18/(37-L18),'Start-Options'!B38)) | P18: =IF('Start-Options'!D5="","",MROUND('Start-Options'!F5*0.95,'Start-Options'!B38)) -> 105 | Q18: =IF(M18="","",IF(M18<'Start-Options'!F5,ROUND((37-36*P18/('Start-Options'!F5+'Start-Options'!F33)),0),ROUND((37-36*P18/(M18+'Start-Options'!F33)),0))) | R18: =IF(Q18="","",MROUND(P18*36/(37-Q18),'Start-Options'!B38)) | T18: =IF(S18="","",MROUND(36*P18/(37-S18),'Start-Options'!B38)) | W18: =IF('Start-Options'!D5="","",MROUND('Start-Options'!F5*0.6,'Start-Options'!B38)) -> 65 | Y18: Warm-up Calc
B19: =IF('Start-Options'!D6="","",MROUND('Start-Options'!F6*0.65,'Start-Options'!B38)) -> 45 | I19: =IF('Start-Options'!D6="","",MROUND('Start-Options'!F6*0.7,'Start-Options'!B38)) -> 50 | P19: =IF('Start-Options'!D6="","",MROUND('Start-Options'!F6*0.75,'Start-Options'!B38)) -> 52.5 | W19: =IF('Start-Options'!D6="","",MROUND('Start-Options'!F6*0.4,'Start-Options'!B38)) -> 27.5 | Y19: Top Set | Z19: 92.75
A20: ='Start-Options'!B6 -> Bench | B20: =IF('Start-Options'!D6="","",MROUND('Start-Options'!F6*0.75,'Start-Options'!B38)) -> 52.5 | H20: ='Start-Options'!B6 -> Bench | I20: =IF('Start-Options'!D6="","",MROUND('Start-Options'!F6*0.8,'Start-Options'!B38)) -> 55 | O20: ='Start-Options'!B6 -> Bench | P20: =IF('Start-Options'!D6="","",MROUND('Start-Options'!F6*0.85,'Start-Options'!B38)) -> 60 | V20: ='Start-Options'!B6 -> Bench | W20: =IF('Start-Options'!D6="","",MROUND('Start-Options'!F6*0.5,'Start-Options'!B38)) -> 35 | Y20: 40%x5 | Z20: =IF(Z19="","",MROUND(Z19*0.4,'Start-Options'!$B$38)) -> 37.5
B21: =IF('Start-Options'!D6="","",MROUND('Start-Options'!F6*0.85,'Start-Options'!B38)) -> 60 | C21: =IF('Start-Options'!D6="","",ROUND((37-36*B21/('Start-Options'!F6+'Start-Options'!F34)),0)) -> 7 | D21: =IF('Start-Options'!D6="","",MROUND(B21*36/(37-C21),'Start-Options'!B38)) -> 72.5 | F21: =IF(E21="","",MROUND(36*B21/(37-E21),'Start-Options'!B38)) | I21: =IF('Start-Options'!D6="","",MROUND('Start-Options'!F6*0.9,'Start-Options'!B38)) -> 62.5 | J21: =IF(F21="","",IF(F21<'Start-Options'!F6,ROUND((37-36*I21/('Start-Options'!F6+'Start-Options'!F34)),0),ROUND((37-36*I21/(F21+'Start-Options'!F34)),0))) | K21: =IF(J21="","",MROUND(I21*36/(37-J21),'Start-Options'!B38)) | M21: =IF(L21="","",MROUND(36*I21/(37-L21),'Start-Options'!B38)) | P21: =IF('Start-Options'!D6="","",MROUND('Start-Options'!F6*0.95,'Start-Options'!B38)) -> 67.5 | Q21: =IF(M21="","",IF(M21<'Start-Options'!F6,ROUND((37-36*P21/('Start-Options'!F6+'Start-Options'!F34)),0),ROUND((37-36*P21/(M21+'Start-Options'!F34)),0))) | R21: =IF(Q21="","",MROUND(P21*36/(37-Q21),'Start-Options'!B38)) | T21: =IF(S21="","",MROUND(36*P21/(37-S21),'Start-Options'!B38)) | W21: =IF('Start-Options'!D6="","",MROUND('Start-Options'!F6*0.6,'Start-Options'!B38)) -> 42.5 | Y21: 50%x5 | Z21: =IF(Z19="","",MROUND(Z19*0.5,'Start-Options'!$B$38)) -> 47.5
B22: =IF('Start-Options'!D7="","",MROUND('Start-Options'!F7*0.65,'Start-Options'!B38)) -> 52.5 | I22: =IF('Start-Options'!D7="","",MROUND('Start-Options'!F7*0.7,'Start-Options'!B38)) -> 55 | P22: =IF('Start-Options'!D7="","",MROUND('Start-Options'!F7*0.75,'Start-Options'!B38)) -> 60 | W22: =IF('Start-Options'!D7="","",MROUND('Start-Options'!F7*0.4,'Start-Options'!B38)) -> 32.5 | Y22: 60%x3 | Z22: =IF(Z19="","",MROUND(Z19*0.6,'Start-Options'!$B$38)) -> 55
A23: ='Start-Options'!B7 -> Squat | B23: =IF('Start-Options'!D7="","",MROUND('Start-Options'!F7*0.75,'Start-Options'!B38)) -> 60 | H23: ='Start-Options'!B7 -> Squat | I23: =IF('Start-Options'!D7="","",MROUND('Start-Options'!F7*0.8,'Start-Options'!B38)) -> 65 | O23: ='Start-Options'!B7 -> Squat | P23: =IF('Start-Options'!D7="","",MROUND('Start-Options'!F7*0.85,'Start-Options'!B38)) -> 67.5 | V23: ='Start-Options'!B7 -> Squat | W23: =IF('Start-Options'!D7="","",MROUND('Start-Options'!F7*0.5,'Start-Options'!B38)) -> 40
B24: =IF('Start-Options'!D7="","",MROUND('Start-Options'!F7*0.85,'Start-Options'!B38)) -> 67.5 | C24: =IF('Start-Options'!D7="","",ROUND((37-36*B24/('Start-Options'!F7+'Start-Options'!F35)),0)) -> 8 | D24: =IF('Start-Options'!D7="","",MROUND(B24*36/(37-C24),'Start-Options'!B38)) -> 85 | F24: =IF(E24="","",MROUND(36*B24/(37-E24),'Start-Options'!B38)) | I24: =IF('Start-Options'!D7="","",MROUND('Start-Options'!F7*0.9,'Start-Options'!B38)) -> 72.5 | J24: =IF(F24="","",IF(F24<'Start-Options'!F7,ROUND((37-36*I24/('Start-Options'!F7+'Start-Options'!F35)),0),ROUND((37-36*I24/(F24+'Start-Options'!F35)),0))) | K24: =IF(J24="","",MROUND(I24*36/(37-J24),'Start-Options'!B38)) | M24: =IF(L24="","",MROUND(36*I24/(37-L24),'Start-Options'!B38)) | P24: =IF('Start-Options'!D7="","",MROUND('Start-Options'!F7*0.95,'Start-Options'!B38)) -> 75 | Q24: =IF(M24="","",IF(M24<'Start-Options'!F7,ROUND((37-36*P24/('Start-Options'!F7+'Start-Options'!F35)),0),ROUND((37-36*P24/(M24+'Start-Options'!F35)),0))) | R24: =IF(Q24="","",MROUND(P24*36/(37-Q24),'Start-Options'!B38)) | T24: =IF(S24="","",MROUND(36*P24/(37-S24),'Start-Options'!B38)) | W24: =IF('Start-Options'!D7="","",MROUND('Start-Options'!F7*0.6,'Start-Options'!B38)) -> 47.5
L26: Cycle 2
C27: Week 5 3x5 | J27: Week 6 3x3 | Q27: Week 7 5/3/1 | V27: Week 8 Deload
B28: Weight | C28: Rep Goal | D28: 1RM Goal | E28: Reps Done | F28: 1RM | I28: Weight | J28: Rep Goal | K28: 1RM Goal | L28: Reps Done | M28: 1RM | P28: Weight | Q28: Rep Goal | R28: 1RM Goal | S28: Reps Done | T28: 1RM | W28: Weight | Y28: Cycle 2 1RM | AB28: Stall | AC28: Backoff Amount
B29: =IF(Z29="","",MROUND(Z29*0.65,'Start-Options'!B38)) -> 35 | I29: =IF(Z29="","",MROUND(Z29*0.7,'Start-Options'!B38)) -> 37.5 | P29: =IF(Z29="","",MROUND(Z29*0.75,'Start-Options'!B38)) -> 40 | W29: =IF(Z29="","",MROUND(Z29*0.4,'Start-Options'!B38)) -> 20 | Y29: ='Start-Options'!B4 -> Military | Z29: =IF('Start-Options'!F4="","",'Start-Options'!F4+'Start-Options'!C32) -> 52.5
A30: ='Start-Options'!B4 -> Military | B30: =IF(Z29="","",MROUND(Z29*0.75,'Start-Options'!B38)) -> 40 | H30: ='Start-Options'!B4 -> Military | I30: =IF(Z29="","",MROUND(Z29*0.8,'Start-Options'!B38)) -> 42.5 | O30: ='Start-Options'!B4 -> Military | P30: =IF(Z29="","",MROUND(Z29*0.85,'Start-Options'!B38)) -> 45 | V30: ='Start-Options'!B4 -> Military | W30: =IF(Z29="","",MROUND(Z29*0.5,'Start-Options'!B38)) -> 27.5 | Y30: ='Start-Options'!B5 -> Deadlift | Z30: =IF('Start-Options'!F5="","",'Start-Options'!F5+'Start-Options'!C33) -> 115
B31: =IF(Z29="","",MROUND(Z29*0.85,'Start-Options'!B38)) -> 45 | C31: =IF(Z29="","",ROUND((37-36*B31/(Z29+'Start-Options'!F32)),0)) -> 8 | D31: =IF(Z29="","",MROUND(B31*36/(37-C31),'Start-Options'!B38)) -> 55 | F31: =IF(E31="","",MROUND(36*B31/(37-E31),'Start-Options'!B38)) | I31: =IF(Z29="","",MROUND(Z29*0.9,'Start-Options'!B38)) -> 47.5 | J31: =IF(F31="","",IF(F31<Z29,ROUND((37-36*I31/(Z29+'Start-Options'!F32)),0),ROUND((37-36*I31/(F31+'Start-Options'!F32)),0))) | K31: =IF(J31="","",MROUND(I31*36/(37-J31),'Start-Options'!B38)) | M31: =IF(L31="","",MROUND(36*I31/(37-L31),'Start-Options'!B38)) | P31: =IF(Z29="","",MROUND(Z29*0.95,'Start-Options'!B38)) -> 50 | Q31: =IF(M31="","",IF(M31<Z29,ROUND((37-36*P31/(Z29+'Start-Options'!F32)),0),ROUND((37-36*P31/(M31+'Start-Options'!F32)),0))) | R31: =IF(Q31="","",MROUND(P31*36/(37-Q31),'Start-Options'!B38)) | T31: =IF(S31="","",MROUND(36*P31/(37-S31),'Start-Options'!B38)) | W31: =IF(Z29="","",MROUND(Z29*0.6,'Start-Options'!B38)) -> 32.5 | Y31: ='Start-Options'!B6 -> Bench | Z31: =IF('Start-Options'!F6="","",'Start-Options'!F6+'Start-Options'!C32) -> 72.5
B32: =IF(Z30="","",MROUND(Z30*0.65,'Start-Options'!B38)) -> 75 | I32: =IF(Z30="","",MROUND(Z30*0.7,'Start-Options'!B38)) -> 80 | P32: =IF(Z30="","",MROUND(Z30*0.75,'Start-Options'!B38)) -> 87.5 | W32: =IF(Z30="","",MROUND(Z30*0.4,'Start-Options'!B38)) -> 45 | Y32: ='Start-Options'!B7 -> Squat | Z32: =IF('Start-Options'!F7="","",'Start-Options'!F7+'Start-Options'!C35) -> 85
A33: ='Start-Options'!B5 -> Deadlift | B33: =IF(Z30="","",MROUND(Z30*0.75,'Start-Options'!B38)) -> 87.5 | H33: ='Start-Options'!B5 -> Deadlift | I33: =IF(Z30="","",MROUND(Z30*0.8,'Start-Options'!B38)) -> 92.5 | O33: ='Start-Options'!B5 -> Deadlift | P33: =IF(Z30="","",MROUND(Z30*0.85,'Start-Options'!B38)) -> 97.5 | V33: ='Start-Options'!B5 -> Deadlift | W33: =IF(Z30="","",MROUND(Z30*0.5,'Start-Options'!B38)) -> 57.5
B34: =IF(Z30="","",MROUND(Z30*0.85,'Start-Options'!B38)) -> 97.5 | C34: =IF(Z30="","",ROUND((37-36*B34/(Z30+'Start-Options'!F33)),0)) -> 7 | D34: =IF(Z30="","",MROUND(B34*36/(37-C34),'Start-Options'!B38)) -> 117.5 | F34: =IF(E34="","",MROUND(36*B34/(37-E34),'Start-Options'!B38)) | I34: =IF(Z30="","",MROUND(Z30*0.9,'Start-Options'!B38)) -> 102.5 | J34: =IF(F34="","",IF(F34<Z30,ROUND((37-36*I34/(Z30+'Start-Options'!F33)),0),ROUND((37-36*I34/(F34+'Start-Options'!F33)),0))) | K34: =IF(J34="","",MROUND(I34*36/(37-J34),'Start-Options'!B38)) | M34: =IF(L34="","",MROUND(36*I34/(37-L34),'Start-Options'!B38)) | P34: =IF(Z30="","",MROUND(Z30*0.95,'Start-Options'!B38)) -> 110 | Q34: =IF(M34="","",IF(M34<Z30,ROUND((37-36*P34/(Z30+'Start-Options'!F33)),0),ROUND((37-36*P34/(M34+'Start-Options'!F33)),0))) | R34: =IF(Q34="","",MROUND(P34*36/(37-Q34),'Start-Options'!B38)) | T34: =IF(S34="","",MROUND(36*P34/(37-S34),'Start-Options'!B38)) | W34: =IF(Z30="","",MROUND(Z30*0.6,'Start-Options'!B38)) -> 70 | Y34: Warm-up Calc
B35: =IF(Z31="","",MROUND(Z31*0.65,'Start-Options'!B38)) -> 47.5 | I35: =IF(Z31="","",MROUND(Z31*0.7,'Start-Options'!B38)) -> 50 | P35: =IF(Z31="","",MROUND(Z31*0.75,'Start-Options'!B38)) -> 55 | W35: =IF(Z31="","",MROUND(Z31*0.4,'Start-Options'!B38)) -> 30 | Y35: Top Set | Z35: 80
A36: ='Start-Options'!B6 -> Bench | B36: =IF(Z31="","",MROUND(Z31*0.75,'Start-Options'!B38)) -> 55 | H36: ='Start-Options'!B6 -> Bench | I36: =IF(Z31="","",MROUND(Z31*0.8,'Start-Options'!B38)) -> 57.5 | O36: ='Start-Options'!B6 -> Bench | P36: =IF(Z31="","",MROUND(Z31*0.85,'Start-Options'!B38)) -> 62.5 | V36: ='Start-Options'!B6 -> Bench | W36: =IF(Z31="","",MROUND(Z31*0.5,'Start-Options'!B38)) -> 37.5 | Y36: 40%x5 | Z36: =IF(Z35="","",MROUND(Z35*0.4,'Start-Options'!$B$38)) -> 32.5
B37: =IF(Z31="","",MROUND(Z31*0.85,'Start-Options'!B38)) -> 62.5 | C37: =IF(Z31="","",ROUND((37-36*B37/(Z31+'Start-Options'!F34)),0)) -> 7 | D37: =IF(Z31="","",MROUND(B37*36/(37-C37),'Start-Options'!B38)) -> 75 | F37: =IF(E37="","",MROUND(36*B37/(37-E37),'Start-Options'!B38)) | I37: =IF(Z31="","",MROUND(Z31*0.9,'Start-Options'!B38)) -> 65 | J37: =IF(F37="","",IF(F37<Z31,ROUND((37-36*I37/(Z31+'Start-Options'!F34)),0),ROUND((37-36*I37/(F37+'Start-Options'!F34)),0))) | K37: =IF(J37="","",MROUND(I37*36/(37-J37),'Start-Options'!B38)) | M37: =IF(L37="","",MROUND(36*I37/(37-L37),'Start-Options'!B38)) | P37: =IF(Z31="","",MROUND(Z31*0.95,'Start-Options'!B38)) -> 70 | Q37: =IF(M37="","",IF(M37<Z31,ROUND((37-36*P37/(Z31+'Start-Options'!F34)),0),ROUND((37-36*P37/(M37+'Start-Options'!F34)),0))) | R37: =IF(Q37="","",MROUND(P37*36/(37-Q37),'Start-Options'!B38)) | T37: =IF(S37="","",MROUND(36*P37/(37-S37),'Start-Options'!B38)) | W37: =IF(Z31="","",MROUND(Z31*0.6,'Start-Options'!B38)) -> 42.5 | Y37: 50%x5 | Z37: =IF(Z35="","",MROUND(Z35*0.5,'Start-Options'!$B$38)) -> 40
B38: =IF(Z32="","",MROUND(Z32*0.65,'Start-Options'!B38)) -> 55 | I38: =IF(Z32="","",MROUND(Z32*0.7,'Start-Options'!B38)) -> 60 | P38: =IF(Z32="","",MROUND(Z32*0.75,'Start-Options'!B38)) -> 65 | W38: =IF(Z32="","",MROUND(Z32*0.4,'Start-Options'!B38)) -> 35 | Y38: 60%x3 | Z38: =IF(Z35="","",MROUND(Z35*0.6,'Start-Options'!$B$38)) -> 47.5
A39: ='Start-Options'!B7 -> Squat | B39: =IF(Z32="","",MROUND(Z32*0.75,'Start-Options'!B38)) -> 65 | H39: ='Start-Options'!B7 -> Squat | I39: =IF(Z32="","",MROUND(Z32*0.8,'Start-Options'!B38)) -> 67.5 | O39: ='Start-Options'!B7 -> Squat | P39: =IF(Z32="","",MROUND(Z32*0.85,'Start-Options'!B38)) -> 72.5 | V39: ='Start-Options'!B7 -> Squat | W39: =IF(Z32="","",MROUND(Z32*0.5,'Start-Options'!B38)) -> 42.5
B40: =IF(Z32="","",MROUND(Z32*0.85,'Start-Options'!B38)) -> 72.5 | C40: =IF(Z32="","",ROUND((37-36*B40/(Z32+'Start-Options'!F35)),0)) -> 7 | D40: =IF(Z32="","",MROUND(B40*36/(37-C40),'Start-Options'!B38)) -> 87.5 | F40: =IF(E40="","",MROUND(36*B40/(37-E40),'Start-Options'!B38)) | I40: =IF(Z32="","",MROUND(Z32*0.9,'Start-Options'!B38)) -> 77.5 | J40: =IF(F40="","",IF(F40<Z32,ROUND((37-36*I40/(Z32+'Start-Options'!F35)),0),ROUND((37-36*I40/(F40+'Start-Options'!F35)),0))) | K40: =IF(J40="","",MROUND(I40*36/(37-J40),'Start-Options'!B38)) | M40: =IF(L40="","",MROUND(36*I40/(37-L40),'Start-Options'!B38)) | P40: =IF(Z32="","",MROUND(Z32*0.95,'Start-Options'!B38)) -> 80 | Q40: =IF(M40="","",IF(M40<Z32,ROUND((37-36*P40/(Z32+'Start-Options'!F35)),0),ROUND((37-36*P40/(M40+'Start-Options'!F35)),0))) | R40: =IF(Q40="","",MROUND(P40*36/(37-Q40),'Start-Options'!B38)) | T40: =IF(S40="","",MROUND(36*P40/(37-S40),'Start-Options'!B38)) | W40: =IF(Z32="","",MROUND(Z32*0.6,'Start-Options'!B38)) -> 50
L42: Cycle 3
C43: Week 9 3x5 | J43: Week 10 3x3 | Q43: Week 11 5/3/1 | V43: Week 12 Deload
B44: Weight | C44: Rep Goal | D44: 1RM Goal | E44: Reps Done | F44: 1RM | I44: Weight | J44: Rep Goal | K44: 1RM Goal | L44: Reps Done | M44: 1RM | P44: Weight | Q44: Rep Goal | R44: 1RM Goal | S44: Reps Done | T44: 1RM | W44: Weight | Y44: Cycle 3 1RM | AB44: Stall | AC44: Backoff Amount
B45: =IF(Z45="","",MROUND(Z45*0.65,'Start-Options'!B38)) -> 35 | I45: =IF(Z45="","",MROUND(Z45*0.7,'Start-Options'!B38)) -> 37.5 | P45: =IF(Z45="","",MROUND(Z45*0.75,'Start-Options'!B38)) -> 42.5 | W45: =IF(Z45="","",MROUND(Z45*0.4,'Start-Options'!B38)) -> 22.5 | Y45: ='Start-Options'!B4 -> Military | Z45: =IF(Z29="","",IF(ISTEXT(AB29),Z29-AC29,Z29+'Start-Options'!C32)) -> 55
A46: ='Start-Options'!B4 -> Military | B46: =IF(Z45="","",MROUND(Z45*0.75,'Start-Options'!B38)) -> 42.5 | H46: ='Start-Options'!B4 -> Military | I46: =IF(Z45="","",MROUND(Z45*0.8,'Start-Options'!B38)) -> 45 | O46: ='Start-Options'!B4 -> Military | P46: =IF(Z45="","",MROUND(Z45*0.85,'Start-Options'!B38)) -> 47.5 | V46: ='Start-Options'!B4 -> Military | W46: =IF(Z45="","",MROUND(Z45*0.5,'Start-Options'!B38)) -> 27.5 | Y46: ='Start-Options'!B5 -> Deadlift | Z46: =IF(Z30="","",IF(ISTEXT(AB30),Z30-AC30,Z30+'Start-Options'!C33)) -> 120
B47: =IF(Z45="","",MROUND(Z45*0.85,'Start-Options'!B38)) -> 47.5 | C47: =IF(Z45="","",ROUND((37-36*B47/(Z45+'Start-Options'!F32)),0)) -> 7 | D47: =IF(Z45="","",MROUND(B47*36/(37-C47),'Start-Options'!B38)) -> 57.5 | F47: =IF(E47="","",MROUND(36*B47/(37-E47),'Start-Options'!B38)) | I47: =IF(Z45="","",MROUND(Z45*0.9,'Start-Options'!B38)) -> 50 | J47: =IF(F47="","",IF(F47<Z45,ROUND((37-36*I47/(Z45+'Start-Options'!F32)),0),ROUND((37-36*I47/(F47+'Start-Options'!F32)),0))) | K47: =IF(J47="","",MROUND(I47*36/(37-J47),'Start-Options'!B38)) | M47: =IF(L47="","",MROUND(36*I47/(37-L47),'Start-Options'!B38)) | P47: =IF(Z45="","",MROUND(Z45*0.95,'Start-Options'!B38)) -> 52.5 | Q47: =IF(M47="","",IF(M47<Z45,ROUND((37-36*P47/(Z45+'Start-Options'!F32)),0),ROUND((37-36*P47/(M47+'Start-Options'!F32)),0))) | R47: =IF(Q47="","",MROUND(P47*36/(37-Q47),'Start-Options'!B38)) | T47: =IF(S47="","",MROUND(36*P47/(37-S47),'Start-Options'!B38)) | W47: =IF(Z45="","",MROUND(Z45*0.6,'Start-Options'!B38)) -> 32.5 | Y47: ='Start-Options'!B6 -> Bench | Z47: =IF(Z31="","",IF(ISTEXT(AB31),Z31-AC31,Z31+'Start-Options'!C34)) -> 75
B48: =IF(Z46="","",MROUND(Z46*0.65,'Start-Options'!B38)) -> 77.5 | I48: =IF(Z46="","",MROUND(Z46*0.7,'Start-Options'!B38)) -> 85 | P48: =IF(Z46="","",MROUND(Z46*0.75,'Start-Options'!B38)) -> 90 | W48: =IF(Z46="","",MROUND(Z46*0.4,'Start-Options'!B38)) -> 47.5 | Y48: ='Start-Options'!B7 -> Squat | Z48: =IF(Z32="","",IF(ISTEXT(AB32),Z32-AC32,Z32+'Start-Options'!C35)) -> 90
A49: ='Start-Options'!B5 -> Deadlift | B49: =IF(Z46="","",MROUND(Z46*0.75,'Start-Options'!B38)) -> 90 | H49: ='Start-Options'!B5 -> Deadlift | I49: =IF(Z46="","",MROUND(Z46*0.8,'Start-Options'!B38)) -> 95 | O49: ='Start-Options'!B5 -> Deadlift | P49: =IF(Z46="","",MROUND(Z46*0.85,'Start-Options'!B38)) -> 102.5 | V49: ='Start-Options'!B5 -> Deadlift | W49: =IF(Z46="","",MROUND(Z46*0.5,'Start-Options'!B38)) -> 60
B50: =IF(Z46="","",MROUND(Z46*0.85,'Start-Options'!B38)) -> 102.5 | C50: =IF(Z46="","",ROUND((37-36*B50/(Z46+'Start-Options'!F33)),0)) -> 7 | D50: =IF(Z46="","",MROUND(B50*36/(37-C50),'Start-Options'!B38)) -> 122.5 | F50: =IF(E50="","",MROUND(36*B50/(37-E50),'Start-Options'!B38)) | I50: =IF(Z46="","",MROUND(Z46*0.9,'Start-Options'!B38)) -> 107.5 | J50: =IF(F50="","",IF(F50<Z46,ROUND((37-36*I50/(Z46+'Start-Options'!F33)),0),ROUND((37-36*I50/(F50+'Start-Options'!F33)),0))) | K50: =IF(J50="","",MROUND(I50*36/(37-J50),'Start-Options'!B38)) | M50: =IF(L50="","",MROUND(36*I50/(37-L50),'Start-Options'!B38)) | P50: =IF(Z46="","",MROUND(Z46*0.95,'Start-Options'!B38)) -> 115 | Q50: =IF(M50="","",IF(M50<Z46,ROUND((37-36*P50/(Z46+'Start-Options'!F33)),0),ROUND((37-36*P50/(M50+'Start-Options'!F33)),0))) | R50: =IF(Q50="","",MROUND(P50*36/(37-Q50),'Start-Options'!B38)) | T50: =IF(S50="","",MROUND(36*P50/(37-S50),'Start-Options'!B38)) | W50: =IF(Z46="","",MROUND(Z46*0.6,'Start-Options'!B38)) -> 72.5 | Y50: Warm-up Calc
B51: =IF(Z47="","",MROUND(Z47*0.65,'Start-Options'!B38)) -> 50 | I51: =IF(Z47="","",MROUND(Z47*0.7,'Start-Options'!B38)) -> 52.5 | P51: =IF(Z47="","",MROUND(Z47*0.75,'Start-Options'!B38)) -> 57.5 | W51: =IF(Z47="","",MROUND(Z47*0.4,'Start-Options'!B38)) -> 30 | Y51: Top Set | Z51: 85
A52: ='Start-Options'!B6 -> Bench | B52: =IF(Z47="","",MROUND(Z47*0.75,'Start-Options'!B38)) -> 57.5 | H52: ='Start-Options'!B6 -> Bench | I52: =IF(Z47="","",MROUND(Z47*0.8,'Start-Options'!B38)) -> 60 | O52: ='Start-Options'!B6 -> Bench | P52: =IF(Z47="","",MROUND(Z47*0.85,'Start-Options'!B38)) -> 65 | V52: ='Start-Options'!B6 -> Bench | W52: =IF(Z47="","",MROUND(Z47*0.5,'Start-Options'!B38)) -> 37.5 | Y52: 40%x5 | Z52: =IF(Z51="","",MROUND(Z51*0.4,'Start-Options'!$B$38)) -> 35
B53: =IF(Z47="","",MROUND(Z47*0.85,'Start-Options'!B38)) -> 65 | C53: =IF(Z47="","",ROUND((37-36*B53/(Z47+'Start-Options'!F34)),0)) -> 7 | D53: =IF(Z47="","",MROUND(B53*36/(37-C53),'Start-Options'!B38)) -> 77.5 | F53: =IF(E53="","",MROUND(36*B53/(37-E53),'Start-Options'!B38)) | I53: =IF(Z47="","",MROUND(Z47*0.9,'Start-Options'!B38)) -> 67.5 | J53: =IF(F53="","",IF(F53<Z47,ROUND((37-36*I53/(Z47+'Start-Options'!F34)),0),ROUND((37-36*I53/(F53+'Start-Options'!F34)),0))) | K53: =IF(J53="","",MROUND(I53*36/(37-J53),'Start-Options'!B38)) | M53: =IF(L53="","",MROUND(36*I53/(37-L53),'Start-Options'!B38)) | P53: =IF(Z47="","",MROUND(Z47*0.95,'Start-Options'!B38)) -> 72.5 | Q53: =IF(M53="","",IF(M53<Z47,ROUND((37-36*P53/(Z47+'Start-Options'!F34)),0),ROUND((37-36*P53/(M53+'Start-Options'!F34)),0))) | R53: =IF(Q53="","",MROUND(P53*36/(37-Q53),'Start-Options'!B38)) | T53: =IF(S53="","",MROUND(36*P53/(37-S53),'Start-Options'!B38)) | W53: =IF(Z47="","",MROUND(Z47*0.6,'Start-Options'!B38)) -> 45 | Y53: 50%x5 | Z53: =IF(Z51="","",MROUND(Z51*0.5,'Start-Options'!$B$38)) -> 42.5
B54: =IF(Z48="","",MROUND(Z48*0.65,'Start-Options'!B38)) -> 57.5 | I54: =IF(Z48="","",MROUND(Z48*0.7,'Start-Options'!B38)) -> 62.5 | P54: =IF(Z48="","",MROUND(Z48*0.75,'Start-Options'!B38)) -> 67.5 | W54: =IF(Z48="","",MROUND(Z48*0.4,'Start-Options'!B38)) -> 35 | Y54: 60%x3 | Z54: =IF(Z51="","",MROUND(Z51*0.6,'Start-Options'!$B$38)) -> 50
A55: ='Start-Options'!B7 -> Squat | B55: =IF(Z48="","",MROUND(Z48*0.75,'Start-Options'!B38)) -> 67.5 | H55: ='Start-Options'!B7 -> Squat | I55: =IF(Z48="","",MROUND(Z48*0.8,'Start-Options'!B38)) -> 72.5 | O55: ='Start-Options'!B7 -> Squat | P55: =IF(Z48="","",MROUND(Z48*0.85,'Start-Options'!B38)) -> 77.5 | V55: ='Start-Options'!B7 -> Squat | W55: =IF(Z48="","",MROUND(Z48*0.5,'Start-Options'!B38)) -> 45
B56: =IF(Z48="","",MROUND(Z48*0.85,'Start-Options'!B38)) -> 77.5 | C56: =IF(Z48="","",ROUND((37-36*B56/(Z48+'Start-Options'!F35)),0)) -> 7 | D56: =IF(Z48="","",MROUND(B56*36/(37-C56),'Start-Options'!B38)) -> 92.5 | F56: =IF(E56="","",MROUND(36*B56/(37-E56),'Start-Options'!B38)) | I56: =IF(Z48="","",MROUND(Z48*0.9,'Start-Options'!B38)) -> 80 | J56: =IF(F56="","",IF(F56<Z48,ROUND((37-36*I56/(Z48+'Start-Options'!F35)),0),ROUND((37-36*I56/(F56+'Start-Options'!F35)),0))) | K56: =IF(J56="","",MROUND(I56*36/(37-J56),'Start-Options'!B38)) | M56: =IF(L56="","",MROUND(36*I56/(37-L56),'Start-Options'!B38)) | P56: =IF(Z48="","",MROUND(Z48*0.95,'Start-Options'!B38)) -> 85 | Q56: =IF(M56="","",IF(M56<Z48,ROUND((37-36*P56/(Z48+'Start-Options'!F35)),0),ROUND((37-36*P56/(M56+'Start-Options'!F35)),0))) | R56: =IF(Q56="","",MROUND(P56*36/(37-Q56),'Start-Options'!B38)) | T56: =IF(S56="","",MROUND(36*P56/(37-S56),'Start-Options'!B38)) | W56: =IF(Z48="","",MROUND(Z48*0.6,'Start-Options'!B38)) -> 55
M58: Cycle 4
C59: Week 13 3x5 | J59: Week 14 3x3 | Q59: Week 15 5/3/1 | V59: Week 16 Deload
B60: Weight | C60: Rep Goal | D60: 1RM Goal | E60: Reps Done | F60: 1RM | I60: Weight | J60: Rep Goal | K60: 1RM Goal | L60: Reps Done | M60: 1RM | P60: Weight | Q60: Rep Goal | R60: 1RM Goal | S60: Reps Done | T60: 1RM | W60: Weight | Y60: Cycle 4 1RM | AB60: Stall | AC60: Backoff Amount
B61: =IF(Z61="","",MROUND(Z61*0.65,'Start-Options'!B38)) -> 37.5 | I61: =IF(Z61="","",MROUND(Z61*0.7,'Start-Options'!B38)) -> 40 | P61: =IF(Z61="","",MROUND(Z61*0.75,'Start-Options'!B38)) -> 42.5 | W61: =IF(Z61="","",MROUND(Z61*0.4,'Start-Options'!B38)) -> 22.5 | Y61: ='Start-Options'!B4 -> Military | Z61: =IF(Z45="","",IF(ISTEXT(AB45),Z45-AC45,Z45+'Start-Options'!C32)) -> 57.5
A62: ='Start-Options'!B4 -> Military | B62: =IF(Z61="","",MROUND(Z61*0.75,'Start-Options'!B38)) -> 42.5 | H62: ='Start-Options'!B4 -> Military | I62: =IF(Z61="","",MROUND(Z61*0.8,'Start-Options'!B38)) -> 45 | O62: ='Start-Options'!B4 -> Military | P62: =IF(Z61="","",MROUND(Z61*0.85,'Start-Options'!B38)) -> 50 | V62: ='Start-Options'!B4 -> Military | W62: =IF(Z61="","",MROUND(Z61*0.5,'Start-Options'!B38)) -> 30 | Y62: ='Start-Options'!B5 -> Deadlift | Z62: =IF(Z46="","",IF(ISTEXT(AB46),Z46-AC46,Z46+'Start-Options'!C33)) -> 125
B63: =IF(Z61="","",MROUND(Z61*0.85,'Start-Options'!B38)) -> 50 | C63: =IF(Z61="","",ROUND((37-36*B63/(Z61+'Start-Options'!F32)),0)) -> 7 | D63: =IF(Z61="","",MROUND(B63*36/(37-C63),'Start-Options'!B38)) -> 60 | F63: =IF(E63="","",MROUND(36*B63/(37-E63),'Start-Options'!B38)) | I63: =IF(Z61="","",MROUND(Z61*0.9,'Start-Options'!B38)) -> 52.5 | J63: =IF(F63="","",IF(F63<Z61,ROUND((37-36*I63/(Z61+'Start-Options'!F32)),0),ROUND((37-36*I63/(F63+'Start-Options'!F32)),0))) | K63: =IF(J63="","",MROUND(I63*36/(37-J63),'Start-Options'!B38)) | M63: =IF(L63="","",MROUND(36*I63/(37-L63),'Start-Options'!B38)) | P63: =IF(Z61="","",MROUND(Z61*0.95,'Start-Options'!B38)) -> 55 | Q63: =IF(M63="","",IF(M63<Z61,ROUND((37-36*P63/(Z61+'Start-Options'!F32)),0),ROUND((37-36*P63/(M63+'Start-Options'!F32)),0))) | R63: =IF(Q63="","",MROUND(P63*36/(37-Q63),'Start-Options'!B38)) | T63: =IF(S63="","",MROUND(36*P63/(37-S63),'Start-Options'!B38)) | W63: =IF(Z61="","",MROUND(Z61*0.6,'Start-Options'!B38)) -> 35 | Y63: ='Start-Options'!B6 -> Bench | Z63: =IF(Z47="","",IF(ISTEXT(AB47),Z47-AC47,Z47+'Start-Options'!C34)) -> 77.5
B64: =IF(Z62="","",MROUND(Z62*0.65,'Start-Options'!B38)) -> 82.5 | I64: =IF(Z62="","",MROUND(Z62*0.7,'Start-Options'!B38)) -> 87.5 | P64: =IF(Z62="","",MROUND(Z62*0.75,'Start-Options'!B38)) -> 95 | W64: =IF(Z62="","",MROUND(Z62*0.4,'Start-Options'!B38)) -> 50 | Y64: ='Start-Options'!B7 -> Squat | Z64: =IF(Z48="","",IF(ISTEXT(AB48),Z48-AC48,Z48+'Start-Options'!C35)) -> 95
A65: ='Start-Options'!B5 -> Deadlift | B65: =IF(Z62="","",MROUND(Z62*0.75,'Start-Options'!B38)) -> 95 | H65: ='Start-Options'!B5 -> Deadlift | I65: =IF(Z62="","",MROUND(Z62*0.8,'Start-Options'!B38)) -> 100 | O65: ='Start-Options'!B5 -> Deadlift | P65: =IF(Z62="","",MROUND(Z62*0.85,'Start-Options'!B38)) -> 107.5 | V65: ='Start-Options'!B5 -> Deadlift | W65: =IF(Z62="","",MROUND(Z62*0.5,'Start-Options'!B38)) -> 62.5
B66: =IF(Z62="","",MROUND(Z62*0.85,'Start-Options'!B38)) -> 107.5 | C66: =IF(Z62="","",ROUND((37-36*B66/(Z62+'Start-Options'!F33)),0)) -> 7 | D66: =IF(Z62="","",MROUND(B66*36/(37-C66),'Start-Options'!B38)) -> 130 | F66: =IF(E66="","",MROUND(36*B66/(37-E66),'Start-Options'!B38)) | I66: =IF(Z62="","",MROUND(Z62*0.9,'Start-Options'!B38)) -> 112.5 | J66: =IF(F66="","",IF(F66<Z62,ROUND((37-36*I66/(Z62+'Start-Options'!F33)),0),ROUND((37-36*I66/(F66+'Start-Options'!F33)),0))) | K66: =IF(J66="","",MROUND(I66*36/(37-J66),'Start-Options'!B38)) | M66: =IF(L66="","",MROUND(36*I66/(37-L66),'Start-Options'!B38)) | P66: =IF(Z62="","",MROUND(Z62*0.95,'Start-Options'!B38)) -> 120 | Q66: =IF(M66="","",IF(M66<Z62,ROUND((37-36*P66/(Z62+'Start-Options'!F33)),0),ROUND((37-36*P66/(M66+'Start-Options'!F33)),0))) | R66: =IF(Q66="","",MROUND(P66*36/(37-Q66),'Start-Options'!B38)) | T66: =IF(S66="","",MROUND(36*P66/(37-S66),'Start-Options'!B38)) | W66: =IF(Z62="","",MROUND(Z62*0.6,'Start-Options'!B38)) -> 75 | Y66: Warm-up Calc
B67: =IF(Z63="","",MROUND(Z63*0.65,'Start-Options'!B38)) -> 50 | I67: =IF(Z63="","",MROUND(Z63*0.7,'Start-Options'!B38)) -> 55 | P67: =IF(Z63="","",MROUND(Z63*0.75,'Start-Options'!B38)) -> 57.5 | W67: =IF(Z63="","",MROUND(Z63*0.4,'Start-Options'!B38)) -> 30 | Y67: Top Set | Z67: 90
A68: ='Start-Options'!B6 -> Bench | B68: =IF(Z63="","",MROUND(Z63*0.75,'Start-Options'!B38)) -> 57.5 | H68: ='Start-Options'!B6 -> Bench | I68: =IF(Z63="","",MROUND(Z63*0.8,'Start-Options'!B38)) -> 62.5 | O68: ='Start-Options'!B6 -> Bench | P68: =IF(Z63="","",MROUND(Z63*0.85,'Start-Options'!B38)) -> 65 | V68: ='Start-Options'!B6 -> Bench | W68: =IF(Z63="","",MROUND(Z63*0.5,'Start-Options'!B38)) -> 40 | Y68: 40%x5 | Z68: =IF(Z67="","",MROUND(Z67*0.4,'Start-Options'!$B$38)) -> 35
B69: =IF(Z63="","",MROUND(Z63*0.85,'Start-Options'!B38)) -> 65 | C69: =IF(Z63="","",ROUND((37-36*B69/(Z63+'Start-Options'!F34)),0)) -> 8 | D69: =IF(Z63="","",MROUND(B69*36/(37-C69),'Start-Options'!B38)) -> 80 | F69: =IF(E69="","",MROUND(36*B69/(37-E69),'Start-Options'!B38)) | I69: =IF(Z63="","",MROUND(Z63*0.9,'Start-Options'!B38)) -> 70 | J69: =IF(F69="","",IF(F69<Z63,ROUND((37-36*I69/(Z63+'Start-Options'!F34)),0),ROUND((37-36*I69/(F69+'Start-Options'!F34)),0))) | K69: =IF(J69="","",MROUND(I69*36/(37-J69),'Start-Options'!B38)) | M69: =IF(L69="","",MROUND(36*I69/(37-L69),'Start-Options'!B38)) | P69: =IF(Z63="","",MROUND(Z63*0.95,'Start-Options'!B38)) -> 72.5 | Q69: =IF(M69="","",IF(M69<Z63,ROUND((37-36*P69/(Z63+'Start-Options'!F34)),0),ROUND((37-36*P69/(M69+'Start-Options'!F34)),0))) | R69: =IF(Q69="","",MROUND(P69*36/(37-Q69),'Start-Options'!B38)) | T69: =IF(S69="","",MROUND(36*P69/(37-S69),'Start-Options'!B38)) | W69: =IF(Z63="","",MROUND(Z63*0.6,'Start-Options'!B38)) -> 47.5 | Y69: 50%x5 | Z69: =IF(Z67="","",MROUND(Z67*0.5,'Start-Options'!$B$38)) -> 45
B70: =IF(Z64="","",MROUND(Z64*0.65,'Start-Options'!B38)) -> 62.5 | I70: =IF(Z64="","",MROUND(Z64*0.7,'Start-Options'!B38)) -> 67.5 | P70: =IF(Z64="","",MROUND(Z64*0.75,'Start-Options'!B38)) -> 72.5 | W70: =IF(Z64="","",MROUND(Z64*0.4,'Start-Options'!B38)) -> 37.5 | Y70: 60%x3 | Z70: =IF(Z67="","",MROUND(Z67*0.6,'Start-Options'!$B$38)) -> 55
A71: ='Start-Options'!B7 -> Squat | B71: =IF(Z64="","",MROUND(Z64*0.75,'Start-Options'!B38)) -> 72.5 | H71: ='Start-Options'!B7 -> Squat | I71: =IF(Z64="","",MROUND(Z64*0.8,'Start-Options'!B38)) -> 75 | O71: ='Start-Options'!B7 -> Squat | P71: =IF(Z64="","",MROUND(Z64*0.85,'Start-Options'!B38)) -> 80 | V71: ='Start-Options'!B7 -> Squat | W71: =IF(Z64="","",MROUND(Z64*0.5,'Start-Options'!B38)) -> 47.5
B72: =IF(Z64="","",MROUND(Z64*0.85,'Start-Options'!B38)) -> 80 | C72: =IF(Z64="","",ROUND((37-36*B72/(Z64+'Start-Options'!F35)),0)) -> 7 | D72: =IF(Z64="","",MROUND(B72*36/(37-C72),'Start-Options'!B38)) -> 95 | F72: =IF(E72="","",MROUND(36*B72/(37-E72),'Start-Options'!B38)) | I72: =IF(Z64="","",MROUND(Z64*0.9,'Start-Options'!B38)) -> 85 | J72: =IF(F72="","",IF(F72<Z64,ROUND((37-36*I72/(Z64+'Start-Options'!F35)),0),ROUND((37-36*I72/(F72+'Start-Options'!F35)),0))) | K72: =IF(J72="","",MROUND(I72*36/(37-J72),'Start-Options'!B38)) | M72: =IF(L72="","",MROUND(36*I72/(37-L72),'Start-Options'!B38)) | P72: =IF(Z64="","",MROUND(Z64*0.95,'Start-Options'!B38)) -> 90 | Q72: =IF(M72="","",IF(M72<Z64,ROUND((37-36*P72/(Z64+'Start-Options'!F35)),0),ROUND((37-36*P72/(M72+'Start-Options'!F35)),0))) | R72: =IF(Q72="","",MROUND(P72*36/(37-Q72),'Start-Options'!B38)) | T72: =IF(S72="","",MROUND(36*P72/(37-S72),'Start-Options'!B38)) | W72: =IF(Z64="","",MROUND(Z64*0.6,'Start-Options'!B38)) -> 57.5
M74: Cycle 5
C75: Week 17 3x5 | J75: Week 18 3x3 | Q75: Week 19 5/3/1 | V75: Week 20 Deload
B76: Weight | C76: Rep Goal | D76: 1RM Goal | E76: Reps Done | F76: 1RM | I76: Weight | J76: Rep Goal | K76: 1RM Goal | L76: Reps Done | M76: 1RM | P76: Weight | Q76: Rep Goal | R76: 1RM Goal | S76: Reps Done | T76: 1RM | W76: Weight | Y76: Cycle 5 1RM | AB76: Stall | AC76: Backoff Amount
B77: =IF(Z77="","",MROUND(Z77*0.65,'Start-Options'!B38)) -> 40 | I77: =IF(Z77="","",MROUND(Z77*0.7,'Start-Options'!B38)) -> 42.5 | P77: =IF(Z77="","",MROUND(Z77*0.75,'Start-Options'!B38)) -> 45 | W77: =IF(Z77="","",MROUND(Z77*0.4,'Start-Options'!B38)) -> 25 | Y77: ='Start-Options'!B4 -> Military | Z77: =IF(Z61="","",IF(ISTEXT(AB61),Z61-AC61,Z61+'Start-Options'!C32)) -> 60
A78: ='Start-Options'!B4 -> Military | B78: =IF(Z77="","",MROUND(Z77*0.75,'Start-Options'!B38)) -> 45 | H78: ='Start-Options'!B4 -> Military | I78: =IF(Z77="","",MROUND(Z77*0.8,'Start-Options'!B38)) -> 47.5 | O78: ='Start-Options'!B4 -> Military | P78: =IF(Z77="","",MROUND(Z77*0.85,'Start-Options'!B38)) -> 50 | V78: ='Start-Options'!B4 -> Military | W78: =IF(Z77="","",MROUND(Z77*0.5,'Start-Options'!B38)) -> 30 | Y78: ='Start-Options'!B5 -> Deadlift | Z78: =IF(Z62="","",IF(ISTEXT(AB62),Z62-AC62,Z62+'Start-Options'!C33)) -> 130
B79: =IF(Z77="","",MROUND(Z77*0.85,'Start-Options'!B38)) -> 50 | C79: =IF(Z77="","",ROUND((37-36*B79/(Z77+'Start-Options'!F32)),0)) -> 8 | D79: =IF(Z77="","",MROUND(B79*36/(37-C79),'Start-Options'!B38)) -> 62.5 | E79: 8 | F79: =IF(E79="","",MROUND(36*B79/(37-E79),'Start-Options'!B38)) -> 62.5 | I79: =IF(Z77="","",MROUND(Z77*0.9,'Start-Options'!B38)) -> 55 | J79: =IF(F79="","",IF(F79<Z77,ROUND((37-36*I79/(Z77+'Start-Options'!F32)),0),ROUND((37-36*I79/(F79+'Start-Options'!F32)),0))) -> 7 | K79: =IF(J79="","",MROUND(I79*36/(37-J79),'Start-Options'!B38)) -> 65 | L79: 5 | M79: =IF(L79="","",MROUND(36*I79/(37-L79),'Start-Options'!B38)) -> 62.5 | P79: =IF(Z77="","",MROUND(Z77*0.95,'Start-Options'!B38)) -> 57.5 | Q79: =IF(M79="","",IF(M79<Z77,ROUND((37-36*P79/(Z77+'Start-Options'!F32)),0),ROUND((37-36*P79/(M79+'Start-Options'!F32)),0))) -> 5 | R79: =IF(Q79="","",MROUND(P79*36/(37-Q79),'Start-Options'!B38)) -> 65 | S79: 6 | T79: =IF(S79="","",MROUND(36*P79/(37-S79),'Start-Options'!B38)) -> 67.5 | W79: =IF(Z77="","",MROUND(Z77*0.6,'Start-Options'!B38)) -> 35 | Y79: ='Start-Options'!B6 -> Bench | Z79: =IF(Z63="","",IF(ISTEXT(AB63),Z63-AC63,Z63+'Start-Options'!C34)) -> 80
B80: =IF(Z78="","",MROUND(Z78*0.65,'Start-Options'!B38)) -> 85 | I80: =IF(Z78="","",MROUND(Z78*0.7,'Start-Options'!B38)) -> 90 | P80: =IF(Z78="","",MROUND(Z78*0.75,'Start-Options'!B38)) -> 97.5 | W80: =IF(Z78="","",MROUND(Z78*0.4,'Start-Options'!B38)) -> 52.5 | Y80: ='Start-Options'!B7 -> Squat | Z80: =IF(Z64="","",IF(ISTEXT(AB64),Z64-AC64,Z64+'Start-Options'!C35)) -> 100
A81: ='Start-Options'!B5 -> Deadlift | B81: =IF(Z78="","",MROUND(Z78*0.75,'Start-Options'!B38)) -> 97.5 | H81: ='Start-Options'!B5 -> Deadlift | I81: =IF(Z78="","",MROUND(Z78*0.8,'Start-Options'!B38)) -> 105 | O81: ='Start-Options'!B5 -> Deadlift | P81: =IF(Z78="","",MROUND(Z78*0.85,'Start-Options'!B38)) -> 110 | V81: ='Start-Options'!B5 -> Deadlift | W81: =IF(Z78="","",MROUND(Z78*0.5,'Start-Options'!B38)) -> 65
B82: =IF(Z78="","",MROUND(Z78*0.85,'Start-Options'!B38)) -> 110 | C82: =IF(Z78="","",ROUND((37-36*B82/(Z78+'Start-Options'!F33)),0)) -> 7 | D82: =IF(Z78="","",MROUND(B82*36/(37-C82),'Start-Options'!B38)) -> 132.5 | E82: 7 | F82: =IF(E82="","",MROUND(36*B82/(37-E82),'Start-Options'!B38)) -> 132.5 | I82: =IF(Z78="","",MROUND(Z78*0.9,'Start-Options'!B38)) -> 117.5 | J82: =IF(F82="","",IF(F82<Z78,ROUND((37-36*I82/(Z78+5)),0),ROUND((37-36*I82/(F82+5)),0))) -> 6 | K82: =IF(J82="","",MROUND(I82*36/(37-J82),'Start-Options'!B38)) -> 137.5 | L82: 6 | M82: =IF(L82="","",MROUND(36*I82/(37-L82),'Start-Options'!B38)) -> 137.5 | P82: =IF(Z78="","",MROUND(Z78*0.95,'Start-Options'!B38)) -> 122.5 | Q82: =IF(M82="","",IF(M82<Z78,ROUND((37-36*P82/(Z78+'Start-Options'!F33)),0),ROUND((37-36*P82/(M82+'Start-Options'!F33)),0))) -> 6 | R82: =IF(Q82="","",MROUND(P82*36/(37-Q82),'Start-Options'!B38)) -> 142.5 | S82: 8 | T82: =IF(S82="","",MROUND(36*P82/(37-S82),'Start-Options'!B38)) -> 152.5 | W82: =IF(Z78="","",MROUND(Z78*0.6,'Start-Options'!B38)) -> 77.5 | Y82: Warm-up Calc
B83: =IF(Z79="","",MROUND(Z79*0.65,'Start-Options'!B38)) -> 52.5 | I83: =IF(Z79="","",MROUND(Z79*0.7,'Start-Options'!B38)) -> 55 | P83: =IF(Z79="","",MROUND(Z79*0.75,'Start-Options'!B38)) -> 60 | W83: =IF(Z79="","",MROUND(Z79*0.4,'Start-Options'!B38)) -> 32.5 | Y83: Top Set | Z83: 95
A84: ='Start-Options'!B6 -> Bench | B84: =IF(Z79="","",MROUND(Z79*0.75,'Start-Options'!B38)) -> 60 | H84: ='Start-Options'!B6 -> Bench | I84: =IF(Z79="","",MROUND(Z79*0.8,'Start-Options'!B38)) -> 65 | O84: ='Start-Options'!B6 -> Bench | P84: =IF(Z79="","",MROUND(Z79*0.85,'Start-Options'!B38)) -> 67.5 | V84: ='Start-Options'!B6 -> Bench | W84: =IF(Z79="","",MROUND(Z79*0.5,'Start-Options'!B38)) -> 40 | Y84: 40%x5 | Z84: =IF(Z83="","",MROUND(Z83*0.4,'Start-Options'!$B$38)) -> 37.5
B85: =IF(Z79="","",MROUND(Z79*0.85,'Start-Options'!B38)) -> 67.5 | C85: =IF(Z79="","",ROUND((37-36*B85/(Z79+'Start-Options'!F34)),0)) -> 8 | D85: =IF(Z79="","",MROUND(B85*36/(37-C85),'Start-Options'!B38)) -> 85 | E85: 7 | F85: =IF(E85="","",MROUND(36*B85/(37-E85),'Start-Options'!B38)) -> 80 | I85: =IF(Z79="","",MROUND(Z79*0.9,'Start-Options'!B38)) -> 72.5 | J85: =IF(F85="","",IF(F85<Z79,ROUND((37-36*I85/(Z79+'Start-Options'!F34)),0),ROUND((37-36*I85/(F85+'Start-Options'!F34)),0))) -> 5 | K85: =IF(J85="","",MROUND(I85*36/(37-J85),'Start-Options'!B38)) -> 82.5 | L85: 5 | M85: =IF(L85="","",MROUND(36*I85/(37-L85),'Start-Options'!B38)) -> 82.5 | P85: =IF(Z79="","",MROUND(Z79*0.95,'Start-Options'!B38)) -> 75 | Q85: =IF(M85="","",IF(M85<Z79,ROUND((37-36*P85/(Z79+'Start-Options'!F34)),0),ROUND((37-36*P85/(M85+'Start-Options'!F34)),0))) -> 5 | R85: =IF(Q85="","",MROUND(P85*36/(37-Q85),'Start-Options'!B38)) -> 85 | S85: 3 | T85: =IF(S85="","",MROUND(36*P85/(37-S85),'Start-Options'!B38)) -> 80 | W85: =IF(Z79="","",MROUND(Z79*0.6,'Start-Options'!B38)) -> 47.5 | Y85: 50%x5 | Z85: =IF(Z83="","",MROUND(Z83*0.5,'Start-Options'!$B$38)) -> 47.5
B86: =IF(Z80="","",MROUND(Z80*0.65,'Start-Options'!B38)) -> 65 | I86: =IF(Z80="","",MROUND(Z80*0.7,'Start-Options'!B38)) -> 70 | P86: =IF(Z80="","",MROUND(Z80*0.75,'Start-Options'!B38)) -> 75 | W86: =IF(Z80="","",MROUND(Z80*0.4,'Start-Options'!B38)) -> 40 | Y86: 60%x3 | Z86: =IF(Z83="","",MROUND(Z83*0.6,'Start-Options'!$B$38)) -> 57.5
A87: ='Start-Options'!B7 -> Squat | B87: =IF(Z80="","",MROUND(Z80*0.75,'Start-Options'!B38)) -> 75 | H87: ='Start-Options'!B7 -> Squat | I87: =IF(Z80="","",MROUND(Z80*0.8,'Start-Options'!B38)) -> 80 | O87: ='Start-Options'!B7 -> Squat | P87: =IF(Z80="","",MROUND(Z80*0.85,'Start-Options'!B38)) -> 85 | V87: ='Start-Options'!B7 -> Squat | W87: =IF(Z80="","",MROUND(Z80*0.5,'Start-Options'!B38)) -> 50
B88: =IF(Z80="","",MROUND(Z80*0.85,'Start-Options'!B38)) -> 85 | C88: =IF(Z80="","",ROUND((37-36*B88/(Z80+'Start-Options'!F35)),0)) -> 7 | D88: =IF(Z80="","",MROUND(B88*36/(37-C88),'Start-Options'!B38)) -> 102.5 | E88: 7 | F88: =IF(E88="","",MROUND(36*B88/(37-E88),'Start-Options'!B38)) -> 102.5 | I88: =IF(Z80="","",MROUND(Z80*0.9,'Start-Options'!B38)) -> 90 | J88: =IF(F88="","",IF(F88<Z80,ROUND((37-36*I88/(Z80+'Start-Options'!F35)),0),ROUND((37-36*I88/(F88+'Start-Options'!F35)),0))) -> 6 | K88: =IF(J88="","",MROUND(I88*36/(37-J88),'Start-Options'!B38)) -> 105 | L88: 6 | M88: =IF(L88="","",MROUND(36*I88/(37-L88),'Start-Options'!B38)) -> 105 | P88: =IF(Z80="","",MROUND(Z80*0.95,'Start-Options'!B38)) -> 95 | Q88: =IF(M88="","",IF(M88<Z80,ROUND((37-36*P88/(Z80+'Start-Options'!F35)),0),ROUND((37-36*P88/(M88+'Start-Options'!F35)),0))) -> 5 | R88: =IF(Q88="","",MROUND(P88*36/(37-Q88),'Start-Options'!B38)) -> 107.5 | S88: 5 | T88: =IF(S88="","",MROUND(36*P88/(37-S88),'Start-Options'!B38)) -> 107.5 | W88: =IF(Z80="","",MROUND(Z80*0.6,'Start-Options'!B38)) -> 60
M90: Cycle 6
C91: Week 21 3x5 | J91: Week 22 3x3 | Q91: Week 23 5/3/1 | V91: Week 24 Deload
B92: Weight | C92: Rep Goal | D92: 1RM Goal | E92: Reps Done | F92: 1RM | I92: Weight | J92: Rep Goal | K92: 1RM Goal | L92: Reps Done | M92: 1RM | P92: Weight | Q92: Rep Goal | R92: 1RM Goal | S92: Reps Done | T92: 1RM | W92: Weight | Y92: Cycle 6 1RM | AB92: Stall | AC92: Backoff Amount
B93: =IF(Z93="","",MROUND(Z93*0.65,'Start-Options'!B38)) -> 40 | I93: =IF(Z93="","",MROUND(Z93*0.7,'Start-Options'!B38)) -> 45 | P93: =IF(Z93="","",MROUND(Z93*0.75,'Start-Options'!B38)) -> 47.5 | W93: =IF(Z93="","",MROUND(Z93*0.4,'Start-Options'!B38)) -> 25 | Y93: ='Start-Options'!B4 -> Military | Z93: =IF(Z77="","",IF(ISTEXT(AB77),Z77-AC77,Z77+'Start-Options'!C32)) -> 62.5
A94: ='Start-Options'!B4 -> Military | B94: =IF(Z93="","",MROUND(Z93*0.75,'Start-Options'!B38)) -> 47.5 | H94: ='Start-Options'!B4 -> Military | I94: =IF(Z93="","",MROUND(Z93*0.8,'Start-Options'!B38)) -> 50 | O94: ='Start-Options'!B4 -> Military | P94: =IF(Z93="","",MROUND(Z93*0.85,'Start-Options'!B38)) -> 52.5 | V94: ='Start-Options'!B4 -> Military | W94: =IF(Z93="","",MROUND(Z93*0.5,'Start-Options'!B38)) -> 32.5 | Y94: ='Start-Options'!B5 -> Deadlift | Z94: =IF(Z78="","",IF(ISTEXT(AB78),Z78-AC78,Z78+'Start-Options'!C33)) -> 135
B95: =IF(Z93="","",MROUND(Z93*0.85,'Start-Options'!B38)) -> 52.5 | C95: =IF(Z93="","",ROUND((37-36*B95/(Z93+'Start-Options'!F32)),0)) -> 8 | D95: =IF(Z93="","",MROUND(B95*36/(37-C95),'Start-Options'!B38)) -> 65 | E95: 5 | F95: =IF(E95="","",MROUND(36*B95/(37-E95),'Start-Options'!B38)) -> 60 | I95: =IF(Z93="","",MROUND(Z93*0.9,'Start-Options'!B38)) -> 57.5 | J95: =IF(F95="","",IF(F95<Z93,ROUND((37-36*I95/(Z93+'Start-Options'!F32)),0),ROUND((37-36*I95/(F95+'Start-Options'!F32)),0))) -> 5 | K95: =IF(J95="","",MROUND(I95*36/(37-J95),'Start-Options'!B38)) -> 65 | L95: 6 | M95: =IF(L95="","",MROUND(36*I95/(37-L95),'Start-Options'!B38)) -> 67.5 | P95: =IF(Z93="","",MROUND(Z93*0.95,'Start-Options'!B38)) -> 60 | Q95: =IF(M95="","",IF(M95<Z93,ROUND((37-36*P95/(Z93+'Start-Options'!F32)),0),ROUND((37-36*P95/(M95+'Start-Options'!F32)),0))) -> 6 | R95: =IF(Q95="","",MROUND(P95*36/(37-Q95),'Start-Options'!B38)) -> 70 | S95: 2 | T95: =IF(S95="","",MROUND(36*P95/(37-S95),'Start-Options'!B38)) -> 62.5 | W95: =IF(Z93="","",MROUND(Z93*0.6,'Start-Options'!B38)) -> 37.5 | Y95: ='Start-Options'!B6 -> Bench | Z95: =IF(Z79="","",IF(ISTEXT(AB79),Z79-AC79,Z79+'Start-Options'!C34)) -> 82.5
B96: =IF(Z94="","",MROUND(Z94*0.65,'Start-Options'!B38)) -> 87.5 | I96: =IF(Z94="","",MROUND(Z94*0.7,'Start-Options'!B38)) -> 95 | P96: =IF(Z94="","",MROUND(Z94*0.75,'Start-Options'!B38)) -> 102.5 | W96: =IF(Z94="","",MROUND(Z94*0.4,'Start-Options'!B38)) -> 55 | Y96: ='Start-Options'!B7 -> Squat | Z96: =IF(Z80="","",IF(ISTEXT(AB80),Z80-AC80,Z80+'Start-Options'!C35)) -> 105
A97: ='Start-Options'!B5 -> Deadlift | B97: =IF(Z94="","",MROUND(Z94*0.75,'Start-Options'!B38)) -> 102.5 | H97: ='Start-Options'!B5 -> Deadlift | I97: =IF(Z94="","",MROUND(Z94*0.8,'Start-Options'!B38)) -> 107.5 | O97: ='Start-Options'!B5 -> Deadlift | P97: =IF(Z94="","",MROUND(Z94*0.85,'Start-Options'!B38)) -> 115 | V97: ='Start-Options'!B5 -> Deadlift | W97: =IF(Z94="","",MROUND(Z94*0.5,'Start-Options'!B38)) -> 67.5
B98: =IF(Z94="","",MROUND(Z94*0.85,'Start-Options'!B38)) -> 115 | C98: =IF(Z94="","",ROUND((37-36*B98/(Z94+'Start-Options'!F33)),0)) -> 7 | D98: =IF(Z94="","",MROUND(B98*36/(37-C98),'Start-Options'!B38)) -> 137.5 | E98: 8 | F98: =IF(E98="","",MROUND(36*B98/(37-E98),'Start-Options'!B38)) -> 142.5 | I98: =IF(Z94="","",MROUND(Z94*0.9,'Start-Options'!B38)) -> 122.5 | J98: =IF(F98="","",IF(F98<Z94,ROUND((37-36*I98/(Z94+'Start-Options'!F33)),0),ROUND((37-36*I98/(F98+'Start-Options'!F33)),0))) -> 7 | K98: =IF(J98="","",MROUND(I98*36/(37-J98),'Start-Options'!B38)) -> 147.5 | L98: 7 | M98: =IF(L98="","",MROUND(36*I98/(37-L98),'Start-Options'!B38)) -> 147.5 | P98: =IF(Z94="","",MROUND(Z94*0.95,'Start-Options'!B38)) -> 127.5 | Q98: =IF(M98="","",IF(M98<Z94,ROUND((37-36*P98/(Z94+'Start-Options'!F33)),0),ROUND((37-36*P98/(M98+'Start-Options'!F33)),0))) -> 6 | R98: =IF(Q98="","",MROUND(P98*36/(37-Q98),'Start-Options'!B38)) -> 147.5 | S98: 5 | T98: =IF(S98="","",MROUND(36*P98/(37-S98),'Start-Options'!B38)) -> 142.5 | W98: =IF(Z94="","",MROUND(Z94*0.6,'Start-Options'!B38)) -> 80 | Y98: Warm-up Calc
B99: =IF(Z95="","",MROUND(Z95*0.65,'Start-Options'!B38)) -> 52.5 | I99: =IF(Z95="","",MROUND(Z95*0.7,'Start-Options'!B38)) -> 57.5 | P99: =IF(Z95="","",MROUND(Z95*0.75,'Start-Options'!B38)) -> 62.5 | W99: =IF(Z95="","",MROUND(Z95*0.4,'Start-Options'!B38)) -> 32.5 | Y99: Top Set | Z99: 110
A100: ='Start-Options'!B6 -> Bench | B100: =IF(Z95="","",MROUND(Z95*0.75,'Start-Options'!B38)) -> 62.5 | H100: ='Start-Options'!B6 -> Bench | I100: =IF(Z95="","",MROUND(Z95*0.8,'Start-Options'!B38)) -> 65 | O100: ='Start-Options'!B6 -> Bench | P100: =IF(Z95="","",MROUND(Z95*0.85,'Start-Options'!B38)) -> 70 | V100: ='Start-Options'!B6 -> Bench | W100: =IF(Z95="","",MROUND(Z95*0.5,'Start-Options'!B38)) -> 42.5 | Y100: 40%x5 | Z100: =IF(Z99="","",MROUND(Z99*0.4,'Start-Options'!$B$38)) -> 45
B101: =IF(Z95="","",MROUND(Z95*0.85,'Start-Options'!B38)) -> 70 | C101: =IF(Z95="","",ROUND((37-36*B101/(Z95+'Start-Options'!F34)),0)) -> 7 | D101: =IF(Z95="","",MROUND(B101*36/(37-C101),'Start-Options'!B38)) -> 85 | E101: 7 | F101: =IF(E101="","",MROUND(36*B101/(37-E101),'Start-Options'!B38)) -> 85 | I101: =IF(Z95="","",MROUND(Z95*0.9,'Start-Options'!B38)) -> 75 | J101: =IF(F101="","",IF(F101<Z95,ROUND((37-36*I101/(Z95+'Start-Options'!F34)),0),ROUND((37-36*I101/(F101+'Start-Options'!F34)),0))) -> 6 | K101: =IF(J101="","",MROUND(I101*36/(37-J101),'Start-Options'!B38)) -> 87.5 | L101: 4 | M101: =IF(L101="","",MROUND(36*I101/(37-L101),'Start-Options'!B38)) -> 82.5 | P101: =IF(Z95="","",MROUND(Z95*0.95,'Start-Options'!B38)) -> 77.5 | Q101: =IF(M101="","",IF(M101<Z95,ROUND((37-36*P101/(Z95+'Start-Options'!F34)),0),ROUND((37-36*P101/(M101+'Start-Options'!F34)),0))) -> 4 | R101: =IF(Q101="","",MROUND(P101*36/(37-Q101),'Start-Options'!B38)) -> 85 | T101: =IF(S101="","",MROUND(36*P101/(37-S101),'Start-Options'!B38)) | W101: =IF(Z95="","",MROUND(Z95*0.6,'Start-Options'!B38)) -> 50 | Y101: 50%x5 | Z101: =IF(Z99="","",MROUND(Z99*0.5,'Start-Options'!$B$38)) -> 55
B102: =IF(Z96="","",MROUND(Z96*0.65,'Start-Options'!B38)) -> 67.5 | I102: =IF(Z96="","",MROUND(Z96*0.7,'Start-Options'!B38)) -> 72.5 | P102: =IF(Z96="","",MROUND(Z96*0.75,'Start-Options'!B38)) -> 80 | W102: =IF(Z96="","",MROUND(Z96*0.4,'Start-Options'!B38)) -> 42.5 | Y102: 60%x3 | Z102: =IF(Z99="","",MROUND(Z99*0.6,'Start-Options'!$B$38)) -> 65
A103: ='Start-Options'!B7 -> Squat | B103: =IF(Z96="","",MROUND(Z96*0.75,'Start-Options'!B38)) -> 80 | H103: ='Start-Options'!B7 -> Squat | I103: =IF(Z96="","",MROUND(Z96*0.8,'Start-Options'!B38)) -> 85 | O103: ='Start-Options'!B7 -> Squat | P103: =IF(Z96="","",MROUND(Z96*0.85,'Start-Options'!B38)) -> 90 | V103: ='Start-Options'!B7 -> Squat | W103: =IF(Z96="","",MROUND(Z96*0.5,'Start-Options'!B38)) -> 52.5
B104: =IF(Z96="","",MROUND(Z96*0.85,'Start-Options'!B38)) -> 90 | C104: =IF(Z96="","",ROUND((37-36*B104/(Z96+'Start-Options'!F35)),0)) -> 7 | D104: =IF(Z96="","",MROUND(B104*36/(37-C104),'Start-Options'!B38)) -> 107.5 | E104: 5 | F104: =IF(E104="","",MROUND(36*B104/(37-E104),'Start-Options'!B38)) -> 102.5 | I104: =IF(Z96="","",MROUND(Z96*0.9,'Start-Options'!B38)) -> 95 | J104: =IF(F104="","",IF(F104<Z96,ROUND((37-36*I104/(Z96+'Start-Options'!F35)),0),ROUND((37-36*I104/(F104+'Start-Options'!F35)),0))) -> 5 | K104: =IF(J104="","",MROUND(I104*36/(37-J104),'Start-Options'!B38)) -> 107.5 | L104: 5 | M104: =IF(L104="","",MROUND(36*I104/(37-L104),'Start-Options'!B38)) -> 107.5 | P104: =IF(Z96="","",MROUND(Z96*0.95,'Start-Options'!B38)) -> 100 | Q104: =IF(M104="","",IF(M104<Z96,ROUND((37-36*P104/(Z96+'Start-Options'!F35)),0),ROUND((37-36*P104/(M104+'Start-Options'!F35)),0))) -> 4 | R104: =IF(Q104="","",MROUND(P104*36/(37-Q104),'Start-Options'!B38)) -> 110 | T104: =IF(S104="","",MROUND(36*P104/(37-S104),'Start-Options'!B38)) | W104: =IF(Z96="","",MROUND(Z96*0.6,'Start-Options'!B38)) -> 62.5
M106: Cycle 7
C107: Week 25 3x5 | J107: Week 26 3x3 | Q107: Week 27 5/3/1 | V107: Week 28 Deload
B108: Weight | C108: Rep Goal | D108: 1RM Goal | E108: Reps Done | F108: 1RM | I108: Weight | J108: Rep Goal | K108: 1RM Goal | L108: Reps Done | M108: 1RM | P108: Weight | Q108: Rep Goal | R108: 1RM Goal | S108: Reps Done | T108: 1RM | W108: Weight | Y108: Cycle 7 1RM | AB108: Stall | AC108: Backoff Amount
...

Sheet  Accessory
I1: Assistance/Accessory Work Planner | P1: v3.0F
K3: 5/3/1 | L3: 5/3/1 Beginner | O3: 3/5/1 PL
I5: Cycle 1
A6: Week 1 | B6: Assistance | F6: Accessory | J6: Week 2 | K6: Assistance | O6: Accessory | S6: Assistance Template
B7: Exercise | C7: Weight | E7: Reps | F7: Exercise | G7: Set/Reps | H7: Weight | K7: Exercise | L7: Weight | N7: Reps | O7: Exercise | P7: Set/Reps | Q7: Weight | S7: Boring But Big
A8: Day 3 Status: | B8: =IF(S7="Accessory Only","",IF(S7="Boring But Big",'Start-Options'!$B$4,T38)) -> Military | C8: =IF(S7="Accessory Only","",IF(S7="Boring But Big",IF(U11="","",MROUND(T11*U11,'Start-Options'!$B$38)),IF(T34=531,MROUND(U38*0.5,'Start-Options'!$B$38),MROUND(U38*0.6,'Start-Options'!$B$38)))) -> 30 | D8: =T17 -> 25 | E8: =IF(S7="Accessory Only","",IF(S7="Boring But Big",10,IF(T34=531,10,8))) -> 10 | F8: Lats | G8: 10 | J8: Day 3 Status: | K8: =IF(S7="Accessory Only","",IF(S7="Boring But Big",'Start-Options'!$B$4,T38)) -> Military | L8: =IF(S7="Accessory Only","",IF(S7="Boring But Big",IF(V11="","",MROUND(T11*V11,'Start-Options'!$B$38)),IF(T34=531,MROUND(U38*0.6,'Start-Options'!$B$38),MROUND(U38*0.5,'Start-Options'!$B$38)))) -> 30 | N8: =IF(S7="Accessory Only","",IF(S7="Boring But Big",10,IF(T34=531,8,10))) -> 10 | O8: Lats | P8: 10 | Q8: 40
C9: =IF(S7="Accessory Only","",IF(S7="Boring But Big",IF(U11="","",MROUND(T11*U11,'Start-Options'!$B$38)),IF(T34=531,MROUND(U38*0.6,'Start-Options'!$B$38),MROUND(U38*0.7,'Start-Options'!$B$38)))) -> 30 | D9: =U17 -> 30 | E9: =IF(S7="Accessory Only","",IF(S7="Boring But Big",10,IF(T34=531,10,8))) -> 10 | F9: Lats | G9: 10 | L9: =IF(S7="Accessory Only","",IF(S7="Boring But Big",IF(V11="","",MROUND(T11*V11,'Start-Options'!$B$38)),IF(T34=531,MROUND(U38*0.7,'Start-Options'!$B$38),MROUND(U38*0.6,'Start-Options'!$B$38)))) -> 30 | N9: =IF(S7="Accessory Only","",IF(S7="Boring But Big",10,IF(T34=531,8,10))) -> 10 | O9: Lats | P9: 10 | Q9: 40 | S9: Boring But Big
C10: =IF(S7="Accessory Only","",IF(S7="Boring But Big",IF(U11="","",MROUND(T11*U11,'Start-Options'!$B$38)),IF(T34=531,MROUND(U38*0.7,'Start-Options'!$B$38),MROUND(U38*0.8,'Start-Options'!$B$38)))) -> 30 | D10: =V17 -> 35 | E10: =IF(S7="Accessory Only","",IF(S7="Boring But Big",10,IF(T34=531,10,6))) -> 10 | F10: Lats | G10: 10 | L10: =IF(S7="Accessory Only","",IF(S7="Boring But Big",IF(V11="","",MROUND(T11*V11,'Start-Options'!$B$38)),IF(T34=531,MROUND(U38*0.8,'Start-Options'!$B$38),MROUND(U38*0.7,'Start-Options'!$B$38)))) -> 30 | N10: =IF(S7="Accessory Only","",IF(S7="Boring But Big",10,IF(T34=531,6,10))) -> 10 | O10: Lats | P10: 10 | Q10: 40 | S10: 5x10 | T10: 1RM | U10: Wk1 | V10: Wk2 | W10: Wk3 | X10: Wk4
C11: =IF(S7="Boring But Big",IF(U11="","",MROUND(T11*U11,'Start-Options'!$B$38)),"") -> 30 | D11: =W17 -> 30 | E11: =IF(S7="Boring But Big",10,"") -> 10 | F11: Lats | G11: 10 | L11: =IF(S7="Boring But Big",IF(V11="","",MROUND(T11*V11,'Start-Options'!$B$38)),"") -> 30 | N11: =IF(S7="Boring But Big",10,"") -> 10 | O11: Lats | P11: 10 | Q11: 40 | S11: Military | T11: ='531'!Z13 -> 50 | U11: 0.6 | V11: 0.6 | W11: 0.6 | X11: 0.6
C12: =IF(S7="Boring But Big",IF(U11="","",MROUND(T11*U11,'Start-Options'!$B$38)),"") -> 30 | D12: =X17 -> 25 | E12: =IF(S7="Boring But Big",10,"") -> 10 | F12: Lats | G12: 10 | L12: =IF(S7="Boring But Big",IF(V11="","",MROUND(T11*V11,'Start-Options'!$B$38)),"") -> 30 | N12: =IF(S7="Boring But Big",10,"") -> 10 | O12: Lats | P12: 10 | Q12: 40 | S12: Deadlift | T12: ='531'!Z14 -> 110 | U12: 0.6 | V12: 0.6 | W12: 0.6 | X12: 0.6
A13: Day 4: Status: | B13: =IF(S7="Accessory Only","",IF(S7="Boring But Big",'Start-Options'!$B$5,T39)) -> Deadlift | C13: =IF(S7="Accessory Only","",IF(S7="Boring But Big",IF(U12="","",MROUND(T12*U12,'Start-Options'!$B$38)),IF(T34=531,MROUND(U39*0.5,'Start-Options'!$B$38),MROUND(U39*0.6,'Start-Options'!$B$38)))) -> 65 | D13: =T18 -> 55 | E13: =IF(S7="Accessory Only","",IF(S7="Boring But Big",10,IF(T34=531,10,8))) -> 10 | F13: Abs | G13: 10 | J13: Day 4: Status: | K13: =IF(S7="Accessory Only","",IF(S7="Boring But Big",'Start-Options'!$B$5,T39)) -> Deadlift | L13: =IF(S7="Accessory Only","",IF(S7="Boring But Big",IF(V12="","",MROUND(T12*V12,'Start-Options'!$B$38)),IF(T34=531,MROUND(U39*0.6,'Start-Options'!$B$38),MROUND(U39*0.5,'Start-Options'!$B$38)))) -> 65 | N13: =IF(S7="Accessory Only","",IF(S7="Boring But Big",10,IF(T34=531,8,10))) -> 10 | O13: Abs | P13: 10 | Q13: 55 | S13: Bench | T13: ='531'!Z15 -> 70 | U13: 0.6 | V13: 0.6 | W13: 0.6 | X13: 0.6
C14: =IF(S7="Accessory Only","",IF(S7="Boring But Big",IF(U12="","",MROUND(T12*U12,'Start-Options'!$B$38)),IF(T34=531,MROUND(U39*0.6,'Start-Options'!$B$38),MROUND(U39*0.7,'Start-Options'!$B$38)))) -> 65 | D14: =U18 -> 65 | E14: =IF(S7="Accessory Only","",IF(S7="Boring But Big",10,IF(T34=531,10,8))) -> 10 | F14: Abs | G14: 10 | L14: =IF(S7="Accessory Only","",IF(S7="Boring But Big",IF(V12="","",MROUND(T12*V12,'Start-Options'!$B$38)),IF(T34=531,MROUND(U39*0.7,'Start-Options'!$B$38),MROUND(U39*0.6,'Start-Options'!$B$38)))) -> 65 | N14: =IF(S7="Accessory Only","",IF(S7="Boring But Big",10,IF(T34=531,8,10))) -> 10 | O14: Abs | P14: 10 | S14: Squat | T14: ='531'!Z16 -> 80 | U14: 0.6 | V14: 0.6 | W14: 0.6 | X14: 0.6
C15: =IF(S7="Accessory Only","",IF(S7="Boring But Big",IF(U12="","",MROUND(T12*U12,'Start-Options'!$B$38)),IF(T34=531,MROUND(U39*0.7,'Start-Options'!$B$38),MROUND(U39*0.8,'Start-Options'!$B$38)))) -> 65 | D15: =V18 -> 75 | E15: =IF(S7="Accessory Only","",IF(S7="Boring But Big",10,IF(T34=531,10,6))) -> 10 | F15: Abs | G15: 10 | L15: =IF(S7="Accessory Only","",IF(S7="Boring But Big",IF(V12="","",MROUND(T12*V12,'Start-Options'!$B$38)),IF(T34=531,MROUND(U39*0.8,'Start-Options'!$B$38),MROUND(U39*0.7,'Start-Options'!$B$38)))) -> 65 | N15: =IF(S7="Accessory Only","",IF(S7="Boring But Big",10,IF(T34=531,6,10))) -> 10 | O15: Abs | P15: 10 | T15: 0.5 | U15: 0.6 | V15: 0.7 | W15: 0.6 | X15: 0.5
C16: =IF(S7="Boring But Big",IF(U12="","",MROUND(T12*U12,'Start-Options'!$B$38)),"") -> 65 | D16: =W18 -> 65 | E16: =IF(S7="Boring But Big",10,"") -> 10 | F16: Abs | G16: 10 | L16: =IF(S7="Boring But Big",IF(V12="","",MROUND(T12*V12,'Start-Options'!$B$38)),"") -> 65 | N16: =IF(S7="Boring But Big",10,"") -> 10 | O16: Abs | P16: 10 | S16: 5x10 | T16: set1 | U16: set2 | V16: set3 | W16: set4 | X16: set5
C17: =IF(S7="Boring But Big",IF(U12="","",MROUND(T12*U12,'Start-Options'!$B$38)),"") -> 65 | D17: =X18 -> 55 | E17: =IF(S7="Boring But Big",10,"") -> 10 | F17: Abs | G17: 10 | L17: =IF(S7="Boring But Big",IF(V12="","",MROUND(T12*V12,'Start-Options'!$B$38)),"") -> 65 | N17: =IF(S7="Boring But Big",10,"") -> 10 | O17: Abs | P17: 10 | S17: Military | T17: =Mround($T$11*T15,2.5) -> 25 | U17: =Mround($T$11*U15,2.5) -> 30 | V17: =Mround($T$11*V15,2.5) -> 35 | W17: =Mround($T$11*W15,2.5) -> 30 | X17: =Mround($T$11*X15,2.5) -> 25
A18: Day 1 Status: | B18: =IF(S7="Accessory Only","",IF(S7="Boring But Big",'Start-Options'!$B$6,T40)) -> Bench | C18: =IF(S7="Accessory Only","",IF(S7="Boring But Big",IF(U13="","",MROUND(T13*U13,'Start-Options'!$B$38)),IF(T34=531,MROUND(U40*0.5,'Start-Options'!$B$38),MROUND(U40*0.6,'Start-Options'!$B$38)))) -> 42.5 | D18: =T19 -> 35 | E18: =IF(S7="Accessory Only","",IF(S7="Boring But Big",10,IF(T34=531,10,8))) -> 10 | F18: Lats | G18: 10 | J18: Day 1 Status: | K18: =IF(S7="Accessory Only","",IF(S7="Boring But Big",'Start-Options'!$B$6,T40)) -> Bench | L18: =IF(S7="Accessory Only","",IF(S7="Boring But Big",IF(V13="","",MROUND(T13*V13,'Start-Options'!$B$38)),IF(T34=531,MROUND(U40*0.6,'Start-Options'!$B$38),MROUND(U40*0.5,'Start-Options'!$B$38)))) -> 42.5 | N18: =IF(S7="Accessory Only","",IF(S7="Boring But Big",10,IF(T34=531,8,10))) -> 10 | O18: Lats | P18: 10 | Q18: 40 | S18: Deadlift | T18: =mround($T$12*T15,5) -> 55 | U18: =mround($T$12*U15,5) -> 65 | V18: =mround($T$12*V15,5) -> 75 | W18: =mround($T$12*W15,5) -> 65 | X18: =mround($T$12*X15,5) -> 55
C19: =IF(S7="Accessory Only","",IF(S7="Boring But Big",IF(U13="","",MROUND(T13*U13,'Start-Options'!$B$38)),IF(T34=531,MROUND(U40*0.6,'Start-Options'!$B$38),MROUND(U40*0.7,'Start-Options'!$B$38)))) -> 42.5 | D19: =U19 -> 42.5 | E19: =IF(S7="Accessory Only","",IF(S7="Boring But Big",10,IF(T34=531,10,8))) -> 10 | F19: Lats | G19: 10 | L19: =IF(S7="Accessory Only","",IF(S7="Boring But Big",IF(V13="","",MROUND(T13*V13,'Start-Options'!$B$38)),IF(T34=531,MROUND(U40*0.7,'Start-Options'!$B$38),MROUND(U40*0.6,'Start-Options'!$B$38)))) -> 42.5 | N19: =IF(S7="Accessory Only","",IF(S7="Boring But Big",10,IF(T34=531,8,10))) -> 10 | O19: Lats | P19: 10 | Q19: 40 | S19: Bench | T19: =mround($T$13*T15,2.5) -> 35 | U19: =mround($T$13*U15,2.5) -> 42.5 | V19: =mround($T$13*V15,2.5) -> 50 | W19: =mround($T$13*W15,2.5) -> 42.5 | X19: =mround($T$13*X15,2.5) -> 35
C20: =IF(S7="Accessory Only","",IF(S7="Boring But Big",IF(U13="","",MROUND(T13*U13,'Start-Options'!$B$38)),IF(T34=531,MROUND(U40*0.7,'Start-Options'!$B$38),MROUND(U40*0.8,'Start-Options'!$B$38)))) -> 42.5 | D20: =V19 -> 50 | E20: =IF(S7="Accessory Only","",IF(S7="Boring But Big",10,IF(T34=531,10,6))) -> 10 | F20: Lats | G20: 10 | L20: =IF(S7="Accessory Only","",IF(S7="Boring But Big",IF(V13="","",MROUND(T13*V13,'Start-Options'!$B$38)),IF(T34=531,MROUND(U40*0.8,'Start-Options'!$B$38),MROUND(U40*0.7,'Start-Options'!$B$38)))) -> 42.5 | N20: =IF(S7="Accessory Only","",IF(S7="Boring But Big",10,IF(T34=531,6,10))) -> 10 | O20: Lats | P20: 10 | Q20: 40 | S20: Squat | T20: =mround($T$14*T15,5) -> 40 | U20: =mround($T$14*U15,5) -> 50 | V20: =mround($T$14*V15,5) -> 55 | W20: =mround($T$14*W15,5) -> 50 | X20: =mround($T$14*X15,5) -> 40
C21: =IF(S7="Boring But Big",IF(U13="","",MROUND(T13*U13,'Start-Options'!$B$38)),"") -> 42.5 | D21: =W19 -> 42.5 | E21: =IF(S7="Boring But Big",10,"") -> 10 | F21: Lats | G21: 10 | L21: =IF(S7="Boring But Big",IF(V13="","",MROUND(T13*V13,'Start-Options'!$B$38)),"") -> 42.5 | N21: =IF(S7="Boring But Big",10,"") -> 10 | O21: Lats | P21: 10 | Q21: 40
C22: =IF(S7="Boring But Big",IF(U13="","",MROUND(T13*U13,'Start-Options'!$B$38)),"") -> 42.5 | D22: =X19 -> 35 | E22: =IF(S7="Boring But Big",10,"") -> 10 | F22: Lats | G22: 10 | L22: =IF(S7="Boring But Big",IF(V13="","",MROUND(T13*V13,'Start-Options'!$B$38)),"") -> 42.5 | N22: =IF(S7="Boring But Big",10,"") -> 10 | O22: Lats | P22: 10 | Q22: 40
A23: Day 2 Status: | B23: =IF(S7="Accessory Only","",IF(S7="Boring But Big",'Start-Options'!$B$7,T41)) -> Squat | C23: =IF(S7="Accessory Only","",IF(S7="Boring But Big",IF(U14="","",MROUND(T14*U14,'Start-Options'!$B$38)),IF(T34=531,MROUND(U41*0.5,'Start-Options'!$B$38),MROUND(U41*0.6,'Start-Options'!$B$38)))) -> 47.5 | D23: =T20 -> 40 | E23: =IF(S7="Accessory Only","",IF(S7="Boring But Big",10,IF(T34=531,10,8))) -> 10 | F23: Abs | G23: 10 | J23: Day 2 Status: | K23: =IF(S7="Accessory Only","",IF(S7="Boring But Big",'Start-Options'!$B$7,T41)) -> Squat | L23: =IF(S7="Accessory Only","",IF(S7="Boring But Big",IF(V14="","",MROUND(T14*V14,'Start-Options'!$B$38)),IF(T34=531,MROUND(U41*0.6,'Start-Options'!$B$38),MROUND(U41*0.5,'Start-Options'!$B$38)))) -> 47.5 | N23: =IF(S7="Accessory Only","",IF(S7="Boring But Big",10,IF(T34=531,8,10))) -> 10 | O23: Abs | P23: 10 | Q23: 60
C24: =IF(S7="Accessory Only","",IF(S7="Boring But Big",IF(U14="","",MROUND(T14*U14,'Start-Options'!$B$38)),IF(T34=531,MROUND(U41*0.6,'Start-Options'!$B$38),MROUND(U41*0.7,'Start-Options'!$B$38)))) -> 47.5 | D24: =U20 -> 50 | E24: =IF(S7="Accessory Only","",IF(S7="Boring But Big",10,IF(T34=531,10,8))) -> 10 | F24: Abs | G24: 10 | L24: =IF(S7="Accessory Only","",IF(S7="Boring But Big",IF(V14="","",MROUND(T14*V14,'Start-Options'!$B$38)),IF(T34=531,MROUND(U41*0.7,'Start-Options'!$B$38),MROUND(U41*0.6,'Start-Options'!$B$38)))) -> 47.5 | N24: =IF(S7="Accessory Only","",IF(S7="Boring But Big",10,IF(T34=531,8,10))) -> 10 | O24: Abs | P24: 10
C25: =IF(S7="Accessory Only","",IF(S7="Boring But Big",IF(U14="","",MROUND(T14*U14,'Start-Options'!$B$38)),IF(T34=531,MROUND(U41*0.7,'Start-Options'!$B$38),MROUND(U41*0.8,'Start-Options'!$B$38)))) -> 47.5 | D25: =V20 -> 55 | E25: =IF(S7="Accessory Only","",IF(S7="Boring But Big",10,IF(T34=531,10,6))) -> 10 | F25: Abs | G25: 10 | L25: =IF(S7="Accessory Only","",IF(S7="Boring But Big",IF(V14="","",MROUND(T14*V14,'Start-Options'!$B$38)),IF(T34=531,MROUND(U41*0.8,'Start-Options'!$B$38),MROUND(U41*0.7,'Start-Options'!$B$38)))) -> 47.5 | N25: =IF(S7="Accessory Only","",IF(S7="Boring But Big",10,IF(T34=531,6,10))) -> 10 | O25: Abs | P25: 10
C26: =IF(S7="Boring But Big",IF(U14="","",MROUND(T14*U14,'Start-Options'!$B$38)),"") -> 47.5 | D26: =W20 -> 50 | E26: =IF(S7="Boring But Big",10,"") -> 10 | F26: Abs | G26: 10 | L26: =IF(S7="Boring But Big",IF(V14="","",MROUND(T14*V14,'Start-Options'!$B$38)),"") -> 47.5 | N26: =IF(S7="Boring But Big",10,"") -> 10 | O26: Abs | P26: 10
C27: =IF(S7="Boring But Big",IF(U14="","",MROUND(T14*U14,'Start-Options'!$B$38)),"") -> 47.5 | D27: =X20 -> 40 | E27: =IF(S7="Boring But Big",10,"") -> 10 | F27: Abs | G27: 10 | L27: =IF(S7="Boring But Big",IF(V14="","",MROUND(T14*V14,'Start-Options'!$B$38)),"") -> 47.5 | N27: =IF(S7="Boring But Big",10,"") -> 10 | O27: Abs | P27: 10
A29: Week 3 | B29: Assistance | F29: Accessory | J29: Week 4 | K29: Assistance | O29: Accessory
B30: Exercise | C30: Weight | E30: Reps | F30: Exercise | G30: Set/Reps | H30: Weight | K30: Exercise | L30: Weight | N30: Reps | O30: Exercise | P30: Set/Reps | Q30: Weight
A31: Day 3 Status: | B31: =IF(S7="Accessory Only","",IF(S7="Boring But Big",'Start-Options'!$B$4,T38)) -> Military | C31: =IF(S7="Accessory Only","",IF(S7="Boring But Big",IF(W11="","",MROUND(T11*W11,'Start-Options'!$B$38)),IF(T34=531,MROUND(U38*0.65,'Start-Options'!$B$38),MROUND(U38*0.65,'Start-Options'!$B$38)))) -> 30 | E31: =IF(S7="Accessory Only","",IF(S7="Boring But Big",10,5)) -> 10 | J31: Day 3 Status: | K31: =IF(S7="Accessory Only","",IF(S7="Boring But Big",'Start-Options'!$B$4,T38)) -> Military | L31: =IF(S7="Accessory Only","",IF(S7="Boring But Big",IF(X11="","",MROUND(T11*X11,'Start-Options'!$B$38)),MROUND(U38*0.4,'Start-Options'!$B$38))) -> 30 | N31: =IF(S7="Accessory Only","",IF(S7="Boring But Big",10,5)) -> 10
C32: =IF(S7="Accessory Only","",IF(S7="Boring But Big",IF(W11="","",MROUND(T11*W11,'Start-Options'!$B$38)),IF(T34=531,MROUND(U38*0.75,'Start-Options'!$B$38),MROUND(U38*0.75,'Start-Options'!$B$38)))) -> 30 | E32: =IF(S7="Accessory Only","",IF(S7="Boring But Big",10,5)) -> 10 | L32: =IF(S7="Accessory Only","",IF(S7="Boring But Big",IF(X11="","",MROUND(T11*X11,'Start-Options'!$B$38)),MROUND(U38*0.5,'Start-Options'!$B$38))) -> 30 | N32: =IF(S7="Accessory Only","",IF(S7="Boring But Big",10,5)) -> 10
C33: =IF(S7="Accessory Only","",IF(S7="Boring But Big",IF(W11="","",MROUND(T11*W11,'Start-Options'!$B$38)),IF(T34=531,MROUND(U38*0.85,'Start-Options'!$B$38),MROUND(U38*0.85,'Start-Options'!$B$38)))) -> 30 | E33: =IF(S7="Accessory Only","",IF(S7="Boring But Big",10,5)) -> 10 | L33: =IF(S7="Accessory Only","",IF(S7="Boring But Big",IF(X11="","",MROUND(T11*X11,'Start-Options'!$B$38)),MROUND(U38*0.6,'Start-Options'!$B$38))) -> 30 | N33: =IF(S7="Accessory Only","",IF(S7="Boring But Big",10,5)) -> 10 | S33: Simplest Strength Template
C34: =IF(S7="Boring But Big",IF(W11="","",MROUND(T11*W11,'Start-Options'!$B$38)),"") -> 30 | E34: =IF(S7="Boring But Big",10,"") -> 10 | L34: =IF(S7="Boring But Big",IF(X11="","",MROUND(T11*X11,'Start-Options'!$B$38)),"") -> 30 | N34: =IF(S7="Boring But Big",10,"") -> 10 | S34: 531 or 351? | T34: 531
C35: =IF(S7="Boring But Big",IF(W11="","",MROUND(T11*W11,'Start-Options'!$B$38)),"") -> 30 | E35: =IF(S7="Boring But Big",10,"") -> 10 | L35: =IF(S7="Boring But Big",IF(X11="","",MROUND(T11*X11,'Start-Options'!$B$38)),"") -> 30 | N35: =IF(S7="Boring But Big",10,"") -> 10
A36: Day 4: Status: | B36: =IF(S7="Accessory Only","",IF(S7="Boring But Big",'Start-Options'!$B$5,T39)) -> Deadlift | C36: =IF(S7="Accessory Only","",IF(S7="Boring But Big",IF(W12="","",MROUND(T12*W12,'Start-Options'!$B$38)),IF(T34=531,MROUND(U39*0.65,'Start-Options'!$B$38),MROUND(U39*0.65,'Start-Options'!$B$38)))) -> 65 | E36: =IF(S7="Accessory Only","",IF(S7="Boring But Big",10,5)) -> 10 | J36: Day 4: Status: | K36: =IF(S7="Accessory Only","",IF(S7="Boring But Big",'Start-Options'!$B$5,T39)) -> Deadlift | L36: =IF(S7="Accessory Only","",IF(S7="Boring But Big",IF(X12="","",MROUND(T12*X12,'Start-Options'!$B$38)),MROUND(U39*0.4,'Start-Options'!$B$38))) -> 65 | N36: =IF(S7="Accessory Only","",IF(S7="Boring But Big",10,5)) -> 10 | S36: Simplest Strength Template | W36: OH+B+Latwork
C37: =IF(S7="Accessory Only","",IF(S7="Boring But Big",IF(W12="","",MROUND(T12*W12,'Start-Options'!$B$38)),IF(T34=531,MROUND(U39*0.75,'Start-Options'!$B$38),MROUND(U39*0.75,'Start-Options'!$B$38)))) -> 65 | E37: =IF(S7="Accessory Only","",IF(S7="Boring But Big",10,5)) -> 10 | L37: =IF(S7="Accessory Only","",IF(S7="Boring But Big",IF(X12="","",MROUND(T12*X12,'Start-Options'!$B$38)),MROUND(U39*0.5,'Start-Options'!$B$38))) -> 65 | N37: =IF(S7="Accessory Only","",IF(S7="Boring But Big",10,5)) -> 10 | T37: Exercise | U37: 1RM | W37: D+Sq+Abs
C38: =IF(S7="Accessory Only","",IF(S7="Boring But Big",IF(W12="","",MROUND(T12*W12,'Start-Options'!$B$38)),IF(T34=531,MROUND(U39*0.85,'Start-Options'!$B$38),MROUND(U39*0.85,'Start-Options'!$B$38)))) -> 65 | E38: =IF(S7="Accessory Only","",IF(S7="Boring But Big",10,5)) -> 10 | L38: =IF(S7="Accessory Only","",IF(S7="Boring But Big",IF(X12="","",MROUND(T12*X12,'Start-Options'!$B$38)),MROUND(U39*0.6,'Start-Options'!$B$38))) -> 65 | N38: =IF(S7="Accessory Only","",IF(S7="Boring But Big",10,5)) -> 10 | S38: Day 1 | T38: Exercise 1 | U38: 100 | W38: B+OH+Lats
C39: =IF(S7="Boring But Big",IF(W12="","",MROUND(T12*W12,'Start-Options'!$B$38)),"") -> 65 | E39: =IF(S7="Boring But Big",10,"") -> 10 | L39: =IF(S7="Boring But Big",IF(X12="","",MROUND(T12*X12,'Start-Options'!$B$38)),"") -> 65 | N39: =IF(S7="Boring But Big",10,"") -> 10 | S39: Day 2 | T39: Exercise 2 | U39: 100 | W39: Sq+Dead+Abs
C40: =IF(S7="Boring But Big",IF(W12="","",MROUND(T12*W12,'Start-Options'!$B$38)),"") -> 65 | E40: =IF(S7="Boring But Big",10,"") -> 10 | L40: =IF(S7="Boring But Big",IF(X12="","",MROUND(T12*X12,'Start-Options'!$B$38)),"") -> 65 | N40: =IF(S7="Boring But Big",10,"") -> 10 | S40: Day 3 | T40: Exercise 3 | U40: 100
A41: Day 1 Status: | B41: =IF(S7="Accessory Only","",IF(S7="Boring But Big",'Start-Options'!$B$6,T40)) -> Bench | C41: =IF(S7="Accessory Only","",IF(S7="Boring But Big",IF(W13="","",MROUND(T13*W13,'Start-Options'!$B$38)),IF(T34=531,MROUND(U40*0.65,'Start-Options'!$B$38),MROUND(U40*0.65,'Start-Options'!$B$38)))) -> 42.5 | E41: =IF(S7="Accessory Only","",IF(S7="Boring But Big",10,5)) -> 10 | F41: lats var upptagen | G41: 5 | H41: 40 | J41: Day 1 Status: | K41: =IF(S7="Accessory Only","",IF(S7="Boring But Big",'Start-Options'!$B$6,T40)) -> Bench | L41: =IF(S7="Accessory Only","",IF(S7="Boring But Big",IF(X13="","",MROUND(T13*X13,'Start-Options'!$B$38)),MROUND(U40*0.4,'Start-Options'!$B$38))) -> 42.5 | N41: =IF(S7="Accessory Only","",IF(S7="Boring But Big",10,5)) -> 10 | S41: Day 4 | T41: Exercise 4 | U41: 100
C42: =IF(S7="Accessory Only","",IF(S7="Boring But Big",IF(W13="","",MROUND(T13*W13,'Start-Options'!$B$38)),IF(T34=531,MROUND(U40*0.75,'Start-Options'!$B$38),MROUND(U40*0.75,'Start-Options'!$B$38)))) -> 42.5 | E42: =IF(S7="Accessory Only","",IF(S7="Boring But Big",10,5)) -> 10 | L42: =IF(S7="Accessory Only","",IF(S7="Boring But Big",IF(X13="","",MROUND(T13*X13,'Start-Options'!$B$38)),MROUND(U40*0.5,'Start-Options'!$B$38))) -> 42.5 | N42: =IF(S7="Accessory Only","",IF(S7="Boring But Big",10,5)) -> 10
C43: =IF(S7="Accessory Only","",IF(S7="Boring But Big",IF(W13="","",MROUND(T13*W13,'Start-Options'!$B$38)),IF(T34=531,MROUND(U40*0.85,'Start-Options'!$B$38),MROUND(U40*0.85,'Start-Options'!$B$38)))) -> 42.5 | E43: =IF(S7="Accessory Only","",IF(S7="Boring But Big",10,5)) -> 10 | F43: abs | G43: 5 | H43: 55 | L43: =IF(S7="Accessory Only","",IF(S7="Boring But Big",IF(X13="","",MROUND(T13*X13,'Start-Options'!$B$38)),MROUND(U40*0.6,'Start-Options'!$B$38))) -> 42.5 | N43: =IF(S7="Accessory Only","",IF(S7="Boring But Big",10,5)) -> 10
C44: =IF(S7="Boring But Big",IF(W13="","",MROUND(T13*W13,'Start-Options'!$B$38)),"") -> 42.5 | E44: =IF(S7="Boring But Big",10,"") -> 10 | L44: =IF(S7="Boring But Big",IF(X13="","",MROUND(T13*X13,'Start-Options'!$B$38)),"") -> 42.5 | N44: =IF(S7="Boring But Big",10,"") -> 10
C45: =IF(S7="Boring But Big",IF(W13="","",MROUND(T13*W13,'Start-Options'!$B$38)),"") -> 42.5 | E45: =IF(S7="Boring But Big",10,"") -> 10 | L45: =IF(S7="Boring But Big",IF(X13="","",MROUND(T13*X13,'Start-Options'!$B$38)),"") -> 42.5 | N45: =IF(S7="Boring But Big",10,"") -> 10
A46: Day 2 Status: | B46: =IF(S7="Accessory Only","",IF(S7="Boring But Big",'Start-Options'!$B$7,T41)) -> Squat | C46: =IF(S7="Accessory Only","",IF(S7="Boring But Big",IF(W14="","",MROUND(T14*W14,'Start-Options'!$B$38)),IF(T34=531,MROUND(U41*0.65,'Start-Options'!$B$38),MROUND(U41*0.65,'Start-Options'!$B$38)))) -> 47.5 | E46: =IF(S7="Accessory Only","",IF(S7="Boring But Big",10,5)) -> 10 | J46: Day 2 Status: | K46: =IF(S7="Accessory Only","",IF(S7="Boring But Big",'Start-Options'!$B$7,T41)) -> Squat | L46: =IF(S7="Accessory Only","",IF(S7="Boring But Big",IF(X14="","",MROUND(T14*X14,'Start-Options'!$B$38)),MROUND(U41*0.4,'Start-Options'!$B$38))) -> 47.5 | N46: =IF(S7="Accessory Only","",IF(S7="Boring But Big",10,5)) -> 10 | S46: Warm-up Calc
C47: =IF(S7="Accessory Only","",IF(S7="Boring But Big",IF(W14="","",MROUND(T14*W14,'Start-Options'!$B$38)),IF(T34=531,MROUND(U41*0.75,'Start-Options'!$B$38),MROUND(U41*0.75,'Start-Options'!$B$38)))) -> 47.5 | E47: =IF(S7="Accessory Only","",IF(S7="Boring But Big",10,5)) -> 10 | L47: =IF(S7="Accessory Only","",IF(S7="Boring But Big",IF(X14="","",MROUND(T14*X14,'Start-Options'!$B$38)),MROUND(U41*0.5,'Start-Options'!$B$38))) -> 47.5 | N47: =IF(S7="Accessory Only","",IF(S7="Boring But Big",10,5)) -> 10 | S47: Top Set
C48: =IF(S7="Accessory Only","",IF(S7="Boring But Big",IF(W14="","",MROUND(T14*W14,'Start-Options'!$B$38)),IF(T34=531,MROUND(U41*0.85,'Start-Options'!$B$38),MROUND(U41*0.85,'Start-Options'!$B$38)))) -> 47.5 | E48: =IF(S7="Accessory Only","",IF(S7="Boring But Big",10,5)) -> 10 | L48: =IF(S7="Accessory Only","",IF(S7="Boring But Big",IF(X14="","",MROUND(T14*X14,'Start-Options'!$B$38)),MROUND(U41*0.6,'Start-Options'!$B$38))) -> 47.5 | N48: =IF(S7="Accessory Only","",IF(S7="Boring But Big",10,5)) -> 10 | S48: 40%x5 | T48: =IF(T47="","",MROUND(T47*0.4,'Start-Options'!$B$38))
C49: =IF(S7="Boring But Big",IF(W14="","",MROUND(T14*W14,'Start-Options'!$B$38)),"") -> 47.5 | E49: =IF(S7="Boring But Big",10,"") -> 10 | L49: =IF(S7="Boring But Big",IF(X14="","",MROUND(T14*X14,'Start-Options'!$B$38)),"") -> 47.5 | N49: =IF(S7="Boring But Big",10,"") -> 10 | S49: 50%x5 | T49: =IF(T47="","",MROUND(T47*0.5,'Start-Options'!$B$38))
C50: =IF(S7="Boring But Big",IF(W14="","",MROUND(T14*W14,'Start-Options'!$B$38)),"") -> 47.5 | E50: =IF(S7="Boring But Big",10,"") -> 10 | L50: =IF(S7="Boring But Big",IF(X14="","",MROUND(T14*X14,'Start-Options'!$B$38)),"") -> 47.5 | N50: =IF(S7="Boring But Big",10,"") -> 10 | S50: 60%x3 | T50: =IF(T47="","",MROUND(T47*0.6,'Start-Options'!$B$38))
I52: Cycle 2
A53: Week 5 | B53: Assistance | F53: Accessory | J53: Week 6 | K53: Assistance | O53: Accessory | S53: Assistance Template
B54: Exercise | C54: Weight | E54: Reps | F54: Exercise | G54: Set/Reps | H54: Weight | K54: Exercise | L54: Weight | N54: Reps | O54: Exercise | P54: Set/Reps | Q54: Weight | S54: Boring But Big
A55: Day 3 Status: | B55: =IF(S54="Accessory Only","",IF(S54="Boring But Big",'Start-Options'!$B$4,T68)) -> Military | C55: =IF(S54="Accessory Only","",IF(S54="Boring But Big",IF(U58="","",MROUND(T58*U58,'Start-Options'!$B$38)),IF(T64=531,MROUND(U68*0.5,'Start-Options'!$B$38),MROUND(U68*0.6,'Start-Options'!$B$38)))) -> 32.5 | E55: =IF(S54="Accessory Only","",IF(S54="Boring But Big",10,IF(T64=531,10,8))) -> 10 | F55: Lats | G55: 42865 | H55: 50 | J55: Day 3 Status: | K55: =IF(S54="Accessory Only","",IF(S54="Boring But Big",'Start-Options'!$B$4,T68)) -> Military | L55: =IF(S54="Accessory Only","",IF(S54="Boring But Big",IF(V58="","",MROUND(T58*V58,'Start-Options'!$B$38)),IF(T64=531,MROUND(U68*0.6,'Start-Options'!$B$38),MROUND(U68*0.5,'Start-Options'!$B$38)))) -> 32.5 | N55: =IF(S54="Accessory Only","",IF(S54="Boring But Big",10,IF(T64=531,8,10))) -> 10 | O55: Abs | P55: 42865 | Q55: 70
C56: =IF(S54="Accessory Only","",IF(S54="Boring But Big",IF(U58="","",MROUND(T58*U58,'Start-Options'!$B$38)),IF(T64=531,MROUND(U68*0.6,'Start-Options'!$B$38),MROUND(U68*0.7,'Start-Options'!$B$38)))) -> 32.5 | E56: =IF(S54="Accessory Only","",IF(S54="Boring But Big",10,IF(T64=531,10,8))) -> 10 | F56: Status: | G56: Nästa gång! | H56: Samma! | L56: =IF(S54="Accessory Only","",IF(S54="Boring But Big",IF(V58="","",MROUND(T58*V58,'Start-Options'!$B$38)),IF(T64=531,MROUND(U68*0.7,'Start-Options'!$B$38),MROUND(U68*0.6,'Start-Options'!$B$38)))) -> 32.5 | N56: =IF(S54="Accessory Only","",IF(S54="Boring But Big",10,IF(T64=531,8,10))) -> 10 | O56: Status: | P56: Nästa gång! | S56: Boring But Big
C57: =IF(S54="Accessory Only","",IF(S54="Boring But Big",IF(U58="","",MROUND(T58*U58,'Start-Options'!$B$38)),IF(T64=531,MROUND(U68*0.7,'Start-Options'!$B$38),MROUND(U68*0.8,'Start-Options'!$B$38)))) -> 32.5 | E57: =IF(S54="Accessory Only","",IF(S54="Boring But Big",10,IF(T64=531,10,6))) -> 10 | L57: =IF(S54="Accessory Only","",IF(S54="Boring But Big",IF(V58="","",MROUND(T58*V58,'Start-Options'!$B$38)),IF(T64=531,MROUND(U68*0.8,'Start-Options'!$B$38),MROUND(U68*0.7,'Start-Options'!$B$38)))) -> 32.5 | N57: =IF(S54="Accessory Only","",IF(S54="Boring But Big",10,IF(T64=531,6,10))) -> 10 | S57: 5x10 | T57: 1RM | U57: Wk1 | V57: Wk2 | W57: Wk3 | X57: Wk4
C58: =IF(S54="Boring But Big",IF(U58="","",MROUND(T58*U58,'Start-Options'!$B$38)),"") -> 32.5 | E58: =IF(S54="Boring But Big",10,"") -> 10 | L58: =IF(S54="Boring But Big",IF(V58="","",MROUND(T58*V58,'Start-Options'!$B$38)),"") -> 32.5 | N58: =IF(S54="Boring But Big",10,"") -> 10 | S58: Military | T58: ='531'!Z29 -> 52.5 | U58: 0.6 | V58: 0.6 | W58: 0.6 | X58: 0.6
C59: =IF(S54="Boring But Big",IF(U58="","",MROUND(T58*U58,'Start-Options'!$B$38)),"") -> 32.5 | E59: =IF(S54="Boring But Big",10,"") -> 10 | L59: =IF(S54="Boring But Big",IF(V58="","",MROUND(T58*V58,'Start-Options'!$B$38)),"") -> 32.5 | N59: =IF(S54="Boring But Big",10,"") -> 10 | S59: Deadlift | T59: ='531'!Z30 -> 115 | U59: 0.6 | V59: 0.6 | W59: 0.6 | X59: 0.6
A60: Day 4: Status: | B60: =IF(S54="Accessory Only","",IF(S54="Boring But Big",'Start-Options'!$B$5,T69)) -> Deadlift | C60: =IF(S54="Accessory Only","",IF(S54="Boring But Big",IF(U59="","",MROUND(T59*U59,'Start-Options'!$B$38)),IF(T64=531,MROUND(U69*0.5,'Start-Options'!$B$38),MROUND(U69*0.6,'Start-Options'!$B$38)))) -> 70 | E60: =IF(S54="Accessory Only","",IF(S54="Boring But Big",10,IF(T64=531,10,8))) -> 10 | F60: Abs | G60: 42865 | H60: 65 | J60: Day 4: Status: | K60: =IF(S54="Accessory Only","",IF(S54="Boring But Big",'Start-Options'!$B$5,T69)) -> Deadlift | L60: =IF(S54="Accessory Only","",IF(S54="Boring But Big",IF(V59="","",MROUND(T59*V59,'Start-Options'!$B$38)),IF(T64=531,MROUND(U69*0.6,'Start-Options'!$B$38),MROUND(U69*0.5,'Start-Options'!$B$38)))) -> 70 | N60: =IF(S54="Accessory Only","",IF(S54="Boring But Big",10,IF(T64=531,8,10))) -> 10 | O60: Lats | P60: 42865 | Q60: 50 | S60: Bench | T60: ='531'!Z31 -> 72.5 | U60: 0.6 | V60: 0.6 | W60: 0.6 | X60: 0.6
C61: =IF(S54="Accessory Only","",IF(S54="Boring But Big",IF(U59="","",MROUND(T59*U59,'Start-Options'!$B$38)),IF(T64=531,MROUND(U69*0.6,'Start-Options'!$B$38),MROUND(U69*0.7,'Start-Options'!$B$38)))) -> 70 | E61: =IF(S54="Accessory Only","",IF(S54="Boring But Big",10,IF(T64=531,10,8))) -> 10 | F61: Status: | G61: Nästa gång! | H61: Öka | L61: =IF(S54="Accessory Only","",IF(S54="Boring But Big",IF(V59="","",MROUND(T59*V59,'Start-Options'!$B$38)),IF(T64=531,MROUND(U69*0.7,'Start-Options'!$B$38),MROUND(U69*0.6,'Start-Options'!$B$38)))) -> 70 | N61: =IF(S54="Accessory Only","",IF(S54="Boring But Big",10,IF(T64=531,8,10))) -> 10 | O61: Status: | P61: Nästa gång! | S61: Squat | T61: ='531'!Z32 -> 85 | U61: 0.6 | V61: 0.6 | W61: 0.6 | X61: 0.6
C62: =IF(S54="Accessory Only","",IF(S54="Boring But Big",IF(U59="","",MROUND(T59*U59,'Start-Options'!$B$38)),IF(T64=531,MROUND(U69*0.7,'Start-Options'!$B$38),MROUND(U69*0.8,'Start-Options'!$B$38)))) -> 70 | E62: =IF(S54="Accessory Only","",IF(S54="Boring But Big",10,IF(T64=531,10,6))) -> 10 | L62: =IF(S54="Accessory Only","",IF(S54="Boring But Big",IF(V59="","",MROUND(T59*V59,'Start-Options'!$B$38)),IF(T64=531,MROUND(U69*0.8,'Start-Options'!$B$38),MROUND(U69*0.7,'Start-Options'!$B$38)))) -> 70 | N62: =IF(S54="Accessory Only","",IF(S54="Boring But Big",10,IF(T64=531,6,10))) -> 10
C63: =IF(S54="Boring But Big",IF(U59="","",MROUND(T59*U59,'Start-Options'!$B$38)),"") -> 70 | E63: =IF(S54="Boring But Big",10,"") -> 10 | L63: =IF(S54="Boring But Big",IF(V59="","",MROUND(T59*V59,'Start-Options'!$B$38)),"") -> 70 | N63: =IF(S54="Boring But Big",10,"") -> 10 | S63: Simplest Strength Template
C64: =IF(S54="Boring But Big",IF(U59="","",MROUND(T59*U59,'Start-Options'!$B$38)),"") -> 70 | E64: =IF(S54="Boring But Big",10,"") -> 10 | L64: =IF(S54="Boring But Big",IF(V59="","",MROUND(T59*V59,'Start-Options'!$B$38)),"") -> 70 | N64: =IF(S54="Boring But Big",10,"") -> 10 | S64: 531 or 351? | T64: 531
A65: Day 1 Status: | B65: =IF(S54="Accessory Only","",IF(S54="Boring But Big",'Start-Options'!$B$6,T70)) -> Bench | C65: =IF(S54="Accessory Only","",IF(S54="Boring But Big",IF(U60="","",MROUND(T60*U60,'Start-Options'!$B$38)),IF(T64=531,MROUND(U70*0.5,'Start-Options'!$B$38),MROUND(U70*0.6,'Start-Options'!$B$38)))) -> 42.5 | E65: =IF(S54="Accessory Only","",IF(S54="Boring But Big",10,IF(T64=531,10,8))) -> 10 | F65: Lats | G65: 42865 | H65: 45 | J65: Day 1 Status: | K65: =IF(S54="Accessory Only","",IF(S54="Boring But Big",'Start-Options'!$B$6,T70)) -> Bench | L65: =IF(S54="Accessory Only","",IF(S54="Boring But Big",IF(V60="","",MROUND(T60*V60,'Start-Options'!$B$38)),IF(T64=531,MROUND(U70*0.6,'Start-Options'!$B$38),MROUND(U70*0.5,'Start-Options'!$B$38)))) -> 42.5 | N65: =IF(S54="Accessory Only","",IF(S54="Boring But Big",10,IF(T64=531,8,10))) -> 10 | O65: Abs | P65: 42865 | Q65: 70
C66: =IF(S54="Accessory Only","",IF(S54="Boring But Big",IF(U60="","",MROUND(T60*U60,'Start-Options'!$B$38)),IF(T64=531,MROUND(U70*0.6,'Start-Options'!$B$38),MROUND(U70*0.7,'Start-Options'!$B$38)))) -> 42.5 | E66: =IF(S54="Accessory Only","",IF(S54="Boring But Big",10,IF(T64=531,10,8))) -> 10 | F66: Status: | G66: Nästa gång! | H66: Öka! | L66: =IF(S54="Accessory Only","",IF(S54="Boring But Big",IF(V60="","",MROUND(T60*V60,'Start-Options'!$B$38)),IF(T64=531,MROUND(U70*0.7,'Start-Options'!$B$38),MROUND(U70*0.6,'Start-Options'!$B$38)))) -> 42.5 | N66: =IF(S54="Accessory Only","",IF(S54="Boring But Big",10,IF(T64=531,8,10))) -> 10 | O66: Status: | P66: Nästa gång! | Q66: Samma | S66: Simplest Strength Template
C67: =IF(S54="Accessory Only","",IF(S54="Boring But Big",IF(U60="","",MROUND(T60*U60,'Start-Options'!$B$38)),IF(T64=531,MROUND(U70*0.7,'Start-Options'!$B$38),MROUND(U70*0.8,'Start-Options'!$B$38)))) -> 42.5 | E67: =IF(S54="Accessory Only","",IF(S54="Boring But Big",10,IF(T64=531,10,6))) -> 10 | L67: =IF(S54="Accessory Only","",IF(S54="Boring But Big",IF(V60="","",MROUND(T60*V60,'Start-Options'!$B$38)),IF(T64=531,MROUND(U70*0.8,'Start-Options'!$B$38),MROUND(U70*0.7,'Start-Options'!$B$38)))) -> 42.5 | N67: =IF(S54="Accessory Only","",IF(S54="Boring But Big",10,IF(T64=531,6,10))) -> 10 | T67: Exercise | U67: 1RM | W67: OH+B+Latwork
C68: =IF(S54="Boring But Big",IF(U60="","",MROUND(T60*U60,'Start-Options'!$B$38)),"") -> 42.5 | E68: =IF(S54="Boring But Big",10,"") -> 10 | L68: =IF(S54="Boring But Big",IF(V60="","",MROUND(T60*V60,'Start-Options'!$B$38)),"") -> 42.5 | N68: =IF(S54="Boring But Big",10,"") -> 10 | S68: Day 1 | T68: Exercise 1 | U68: 100 | W68: D+Sq+Abs
C69: =IF(S54="Boring But Big",IF(U60="","",MROUND(T60*U60,'Start-Options'!$B$38)),"") -> 42.5 | E69: =IF(S54="Boring But Big",10,"") -> 10 | L69: =IF(S54="Boring But Big",IF(V60="","",MROUND(T60*V60,'Start-Options'!$B$38)),"") -> 42.5 | N69: =IF(S54="Boring But Big",10,"") -> 10 | S69: Day 2 | T69: Exercise 2 | U69: 100 | W69: B+OH+Lats
A70: Day 2 Status: | B70: =IF(S54="Accessory Only","",IF(S54="Boring But Big",'Start-Options'!$B$7,T71)) -> Squat | C70: =IF(S54="Accessory Only","",IF(S54="Boring But Big",IF(U61="","",MROUND(T61*U61,'Start-Options'!$B$38)),IF(T64=531,MROUND(U71*0.5,'Start-Options'!$B$38),MROUND(U71*0.6,'Start-Options'!$B$38)))) -> 50 | E70: =IF(S54="Accessory Only","",IF(S54="Boring But Big",10,IF(T64=531,10,8))) -> 10 | F70: Abs | G70: 42865 | H70: 60 | J70: Day 2 Status: | K70: =IF(S54="Accessory Only","",IF(S54="Boring But Big",'Start-Options'!$B$7,T71)) -> Squat | L70: =IF(S54="Accessory Only","",IF(S54="Boring But Big",IF(V61="","",MROUND(T61*V61,'Start-Options'!$B$38)),IF(T64=531,MROUND(U71*0.6,'Start-Options'!$B$38),MROUND(U71*0.5,'Start-Options'!$B$38)))) -> 50 | N70: =IF(S54="Accessory Only","",IF(S54="Boring But Big",10,IF(T64=531,8,10))) -> 10 | O70: Lats | P70: 42865 | Q70: 50 | S70: Day 3 | T70: Exercise 3 | U70: 100 | W70: Sq+Dead+Abs
C71: =IF(S54="Accessory Only","",IF(S54="Boring But Big",IF(U61="","",MROUND(T61*U61,'Start-Options'!$B$38)),IF(T64=531,MROUND(U71*0.6,'Start-Options'!$B$38),MROUND(U71*0.7,'Start-Options'!$B$38)))) -> 50 | E71: =IF(S54="Accessory Only","",IF(S54="Boring But Big",10,IF(T64=531,10,8))) -> 10 | F71: Status: | G71: Nästa gång! | H71: Öka! | L71: =IF(S54="Accessory Only","",IF(S54="Boring But Big",IF(V61="","",MROUND(T61*V61,'Start-Options'!$B$38)),IF(T64=531,MROUND(U71*0.7,'Start-Options'!$B$38),MROUND(U71*0.6,'Start-Options'!$B$38)))) -> 50 | N71: =IF(S54="Accessory Only","",IF(S54="Boring But Big",10,IF(T64=531,8,10))) -> 10 | O71: Status: | P71: Nästa gång! | Q71: Samma | S71: Day 4 | T71: Exercise 4 | U71: 100
C72: =IF(S54="Accessory Only","",IF(S54="Boring But Big",IF(U61="","",MROUND(T61*U61,'Start-Options'!$B$38)),IF(T64=531,MROUND(U71*0.7,'Start-Options'!$B$38),MROUND(U71*0.8,'Start-Options'!$B$38)))) -> 50 | E72: =IF(S54="Accessory Only","",IF(S54="Boring But Big",10,IF(T64=531,10,6))) -> 10 | L72: =IF(S54="Accessory Only","",IF(S54="Boring But Big",IF(V61="","",MROUND(T61*V61,'Start-Options'!$B$38)),IF(T64=531,MROUND(U71*0.8,'Start-Options'!$B$38),MROUND(U71*0.7,'Start-Options'!$B$38)))) -> 50 | N72: =IF(S54="Accessory Only","",IF(S54="Boring But Big",10,IF(T64=531,6,10))) -> 10
C73: =IF(S54="Boring But Big",IF(U61="","",MROUND(T61*U61,'Start-Options'!$B$38)),"") -> 50 | E73: =IF(S54="Boring But Big",10,"") -> 10 | L73: =IF(S54="Boring But Big",IF(V61="","",MROUND(T61*V61,'Start-Options'!$B$38)),"") -> 50 | N73: =IF(S54="Boring But Big",10,"") -> 10
C74: =IF(S54="Boring But Big",IF(U61="","",MROUND(T61*U61,'Start-Options'!$B$38)),"") -> 50 | E74: =IF(S54="Boring But Big",10,"") -> 10 | L74: =IF(S54="Boring But Big",IF(V61="","",MROUND(T61*V61,'Start-Options'!$B$38)),"") -> 50 | N74: =IF(S54="Boring But Big",10,"") -> 10
A76: Week 7 | B76: Assistance | F76: Accessory | J76: Week 8 | K76: Assistance | O76: Accessory | S76: Warm-up Calc
B77: Exercise | C77: Weight | E77: Reps | F77: Exercise | G77: Set/Reps | H77: Weight | K77: Exercise | L77: Weight | N77: Reps | O77: Exercise | P77: Set/Reps | Q77: Weight | S77: Top Set
A78: Day 3 Status: | B78: =IF(S54="Accessory Only","",IF(S54="Boring But Big",'Start-Options'!$B$4,T68)) -> Military | C78: =IF(S54="Accessory Only","",IF(S54="Boring But Big",IF(W58="","",MROUND(T58*W58,'Start-Options'!$B$38)),IF(T64=531,MROUND(U68*0.65,'Start-Options'!$B$38),MROUND(U68*0.65,'Start-Options'!$B$38)))) -> 32.5 | E78: =IF(S54="Accessory Only","",IF(S54="Boring But Big",10,5)) -> 10 | F78: Lats | G78: 42865 | J78: Day 3 Status: | K78: =IF(S54="Accessory Only","",IF(S54="Boring But Big",'Start-Options'!$B$4,T68)) -> Military | L78: =IF(S54="Accessory Only","",IF(S54="Boring But Big",IF(X58="","",MROUND(T58*X58,'Start-Options'!$B$38)),MROUND(U68*0.4,'Start-Options'!$B$38))) -> 32.5 | N78: =IF(S54="Accessory Only","",IF(S54="Boring But Big",10,5)) -> 10 | S78: 40%x5 | T78: =IF(T77="","",MROUND(T77*0.4,'Start-Options'!$B$38))
C79: =IF(S54="Accessory Only","",IF(S54="Boring But Big",IF(W58="","",MROUND(T58*W58,'Start-Options'!$B$38)),IF(T64=531,MROUND(U68*0.75,'Start-Options'!$B$38),MROUND(U68*0.75,'Start-Options'!$B$38)))) -> 32.5 | E79: =IF(S54="Accessory Only","",IF(S54="Boring But Big",10,5)) -> 10 | F79: Status: | G79: Nästa gång! | L79: =IF(S54="Accessory Only","",IF(S54="Boring But Big",IF(X58="","",MROUND(T58*X58,'Start-Options'!$B$38)),MROUND(U68*0.5,'Start-Options'!$B$38))) -> 32.5 | N79: =IF(S54="Accessory Only","",IF(S54="Boring But Big",10,5)) -> 10 | S79: 50%x5 | T79: =IF(T77="","",MROUND(T77*0.5,'Start-Options'!$B$38))
C80: =IF(S54="Accessory Only","",IF(S54="Boring But Big",IF(W58="","",MROUND(T58*W58,'Start-Options'!$B$38)),IF(T64=531,MROUND(U68*0.85,'Start-Options'!$B$38),MROUND(U68*0.85,'Start-Options'!$B$38)))) -> 32.5 | E80: =IF(S54="Accessory Only","",IF(S54="Boring But Big",10,5)) -> 10 | L80: =IF(S54="Accessory Only","",IF(S54="Boring But Big",IF(X58="","",MROUND(T58*X58,'Start-Options'!$B$38)),MROUND(U68*0.6,'Start-Options'!$B$38))) -> 32.5 | N80: =IF(S54="Accessory Only","",IF(S54="Boring But Big",10,5)) -> 10 | S80: 60%x3 | T80: =IF(T77="","",MROUND(T77*0.6,'Start-Options'!$B$38))
C81: =IF(S54="Boring But Big",IF(W58="","",MROUND(T58*W58,'Start-Options'!$B$38)),"") -> 32.5 | E81: =IF(S54="Boring But Big",10,"") -> 10 | L81: =IF(S54="Boring But Big",IF(X58="","",MROUND(T58*X58,'Start-Options'!$B$38)),"") -> 32.5 | N81: =IF(S54="Boring But Big",10,"") -> 10
C82: =IF(S54="Boring But Big",IF(W58="","",MROUND(T58*W58,'Start-Options'!$B$38)),"") -> 32.5 | E82: =IF(S54="Boring But Big",10,"") -> 10 | L82: =IF(S54="Boring But Big",IF(X58="","",MROUND(T58*X58,'Start-Options'!$B$38)),"") -> 32.5 | N82: =IF(S54="Boring But Big",10,"") -> 10
A83: Day 4: Status: | B83: =IF(S54="Accessory Only","",IF(S54="Boring But Big",'Start-Options'!$B$5,T69)) -> Deadlift | C83: =IF(S54="Accessory Only","",IF(S54="Boring But Big",IF(W59="","",MROUND(T59*W59,'Start-Options'!$B$38)),IF(T64=531,MROUND(U69*0.65,'Start-Options'!$B$38),MROUND(U69*0.65,'Start-Options'!$B$38)))) -> 70 | E83: =IF(S54="Accessory Only","",IF(S54="Boring But Big",10,5)) -> 10 | F83: Abs | G83: 42865 | J83: Day 4: Status: | K83: =IF(S54="Accessory Only","",IF(S54="Boring But Big",'Start-Options'!$B$5,T69)) -> Deadlift | L83: =IF(S54="Accessory Only","",IF(S54="Boring But Big",IF(X59="","",MROUND(T59*X59,'Start-Options'!$B$38)),MROUND(U69*0.4,'Start-Options'!$B$38))) -> 70 | N83: =IF(S54="Accessory Only","",IF(S54="Boring But Big",10,5)) -> 10
C84: =IF(S54="Accessory Only","",IF(S54="Boring But Big",IF(W59="","",MROUND(T59*W59,'Start-Options'!$B$38)),IF(T64=531,MROUND(U69*0.75,'Start-Options'!$B$38),MROUND(U69*0.75,'Start-Options'!$B$38)))) -> 70 | E84: =IF(S54="Accessory Only","",IF(S54="Boring But Big",10,5)) -> 10 | F84: Status: | G84: Nästa gång! | L84: =IF(S54="Accessory Only","",IF(S54="Boring But Big",IF(X59="","",MROUND(T59*X59,'Start-Options'!$B$38)),MROUND(U69*0.5,'Start-Options'!$B$38))) -> 70 | N84: =IF(S54="Accessory Only","",IF(S54="Boring But Big",10,5)) -> 10
C85: =IF(S54="Accessory Only","",IF(S54="Boring But Big",IF(W59="","",MROUND(T59*W59,'Start-Options'!$B$38)),IF(T64=531,MROUND(U69*0.85,'Start-Options'!$B$38),MROUND(U69*0.85,'Start-Options'!$B$38)))) -> 70 | E85: =IF(S54="Accessory Only","",IF(S54="Boring But Big",10,5)) -> 10 | L85: =IF(S54="Accessory Only","",IF(S54="Boring But Big",IF(X59="","",MROUND(T59*X59,'Start-Options'!$B$38)),MROUND(U69*0.6,'Start-Options'!$B$38))) -> 70 | N85: =IF(S54="Accessory Only","",IF(S54="Boring But Big",10,5)) -> 10
C86: =IF(S54="Boring But Big",IF(W59="","",MROUND(T59*W59,'Start-Options'!$B$38)),"") -> 70 | E86: =IF(S54="Boring But Big",10,"") -> 10 | L86: =IF(S54="Boring But Big",IF(X59="","",MROUND(T59*X59,'Start-Options'!$B$38)),"") -> 70 | N86: =IF(S54="Boring But Big",10,"") -> 10
C87: =IF(S54="Boring But Big",IF(W59="","",MROUND(T59*W59,'Start-Options'!$B$38)),"") -> 70 | E87: =IF(S54="Boring But Big",10,"") -> 10 | L87: =IF(S54="Boring But Big",IF(X59="","",MROUND(T59*X59,'Start-Options'!$B$38)),"") -> 70 | N87: =IF(S54="Boring But Big",10,"") -> 10
A88: Day 1 Status: | B88: =IF(S54="Accessory Only","",IF(S54="Boring But Big",'Start-Options'!$B$6,T70)) -> Bench | C88: =IF(S54="Accessory Only","",IF(S54="Boring But Big",IF(W60="","",MROUND(T60*W60,'Start-Options'!$B$38)),IF(T64=531,MROUND(U70*0.65,'Start-Options'!$B$38),MROUND(U70*0.65,'Start-Options'!$B$38)))) -> 42.5 | E88: =IF(S54="Accessory Only","",IF(S54="Boring But Big",10,5)) -> 10 | F88: Lats | G88: 42865 | H88: 50 | J88: Day 1 Status: | K88: =IF(S54="Accessory Only","",IF(S54="Boring But Big",'Start-Options'!$B$6,T70)) -> Bench | L88: =IF(S54="Accessory Only","",IF(S54="Boring But Big",IF(X60="","",MROUND(T60*X60,'Start-Options'!$B$38)),MROUND(U70*0.4,'Start-Options'!$B$38))) -> 42.5 | N88: =IF(S54="Accessory Only","",IF(S54="Boring But Big",10,5)) -> 10
C89: =IF(S54="Accessory Only","",IF(S54="Boring But Big",IF(W60="","",MROUND(T60*W60,'Start-Options'!$B$38)),IF(T64=531,MROUND(U70*0.75,'Start-Options'!$B$38),MROUND(U70*0.75,'Start-Options'!$B$38)))) -> 42.5 | E89: =IF(S54="Accessory Only","",IF(S54="Boring But Big",10,5)) -> 10 | F89: Status: | G89: Nästa gång! | H89: Hann inte | L89: =IF(S54="Accessory Only","",IF(S54="Boring But Big",IF(X60="","",MROUND(T60*X60,'Start-Options'!$B$38)),MROUND(U70*0.5,'Start-Options'!$B$38))) -> 42.5 | N89: =IF(S54="Accessory Only","",IF(S54="Boring But Big",10,5)) -> 10
C90: =IF(S54="Accessory Only","",IF(S54="Boring But Big",IF(W60="","",MROUND(T60*W60,'Start-Options'!$B$38)),IF(T64=531,MROUND(U70*0.85,'Start-Options'!$B$38),MROUND(U70*0.85,'Start-Options'!$B$38)))) -> 42.5 | E90: =IF(S54="Accessory Only","",IF(S54="Boring But Big",10,5)) -> 10 | L90: =IF(S54="Accessory Only","",IF(S54="Boring But Big",IF(X60="","",MROUND(T60*X60,'Start-Options'!$B$38)),MROUND(U70*0.6,'Start-Options'!$B$38))) -> 42.5 | N90: =IF(S54="Accessory Only","",IF(S54="Boring But Big",10,5)) -> 10
C91: =IF(S54="Boring But Big",IF(W60="","",MROUND(T60*W60,'Start-Options'!$B$38)),"") -> 42.5 | E91: =IF(S54="Boring But Big",10,"") -> 10 | L91: =IF(S54="Boring But Big",IF(X60="","",MROUND(T60*X60,'Start-Options'!$B$38)),"") -> 42.5 | N91: =IF(S54="Boring But Big",10,"") -> 10
C92: =IF(S54="Boring But Big",IF(W60="","",MROUND(T60*W60,'Start-Options'!$B$38)),"") -> 42.5 | E92: =IF(S54="Boring But Big",10,"") -> 10 | L92: =IF(S54="Boring But Big",IF(X60="","",MROUND(T60*X60,'Start-Options'!$B$38)),"") -> 42.5 | N92: =IF(S54="Boring But Big",10,"") -> 10
A93: Day 2 Status: | B93: =IF(S54="Accessory Only","",IF(S54="Boring But Big",'Start-Options'!$B$7,T71)) -> Squat | C93: =IF(S54="Accessory Only","",IF(S54="Boring But Big",IF(W61="","",MROUND(T61*W61,'Start-Options'!$B$38)),IF(T64=531,MROUND(U71*0.65,'Start-Options'!$B$38),MROUND(U71*0.65,'Start-Options'!$B$38)))) -> 50 | E93: =IF(S54="Accessory Only","",IF(S54="Boring But Big",10,5)) -> 10 | F93: Abs | G93: 42865 | H93: 70 | J93: Day 2 Status: | K93: =IF(S54="Accessory Only","",IF(S54="Boring But Big",'Start-Options'!$B$7,T71)) -> Squat | L93: =IF(S54="Accessory Only","",IF(S54="Boring But Big",IF(X61="","",MROUND(T61*X61,'Start-Options'!$B$38)),MROUND(U71*0.4,'Start-Options'!$B$38))) -> 50 | N93: =IF(S54="Accessory Only","",IF(S54="Boring But Big",10,5)) -> 10
C94: =IF(S54="Accessory Only","",IF(S54="Boring But Big",IF(W61="","",MROUND(T61*W61,'Start-Options'!$B$38)),IF(T64=531,MROUND(U71*0.75,'Start-Options'!$B$38),MROUND(U71*0.75,'Start-Options'!$B$38)))) -> 50 | E94: =IF(S54="Accessory Only","",IF(S54="Boring But Big",10,5)) -> 10 | F94: Status: | G94: Nästa gång! | H94: Hann inte | L94: =IF(S54="Accessory Only","",IF(S54="Boring But Big",IF(X61="","",MROUND(T61*X61,'Start-Options'!$B$38)),MROUND(U71*0.5,'Start-Options'!$B$38))) -> 50 | N94: =IF(S54="Accessory Only","",IF(S54="Boring But Big",10,5)) -> 10
C95: =IF(S54="Accessory Only","",IF(S54="Boring But Big",IF(W61="","",MROUND(T61*W61,'Start-Options'!$B$38)),IF(T64=531,MROUND(U71*0.85,'Start-Options'!$B$38),MROUND(U71*0.85,'Start-Options'!$B$38)))) -> 50 | E95: =IF(S54="Accessory Only","",IF(S54="Boring But Big",10,5)) -> 10 | L95: =IF(S54="Accessory Only","",IF(S54="Boring But Big",IF(X61="","",MROUND(T61*X61,'Start-Options'!$B$38)),MROUND(U71*0.6,'Start-Options'!$B$38))) -> 50 | N95: =IF(S54="Accessory Only","",IF(S54="Boring But Big",10,5)) -> 10
C96: =IF(S54="Boring But Big",IF(W61="","",MROUND(T61*W61,'Start-Options'!$B$38)),"") -> 50 | E96: =IF(S54="Boring But Big",10,"") -> 10 | L96: =IF(S54="Boring But Big",IF(X61="","",MROUND(T61*X61,'Start-Options'!$B$38)),"") -> 50 | N96: =IF(S54="Boring But Big",10,"") -> 10
C97: =IF(S54="Boring But Big",IF(W61="","",MROUND(T61*W61,'Start-Options'!$B$38)),"") -> 50 | E97: =IF(S54="Boring But Big",10,"") -> 10 | L97: =IF(S54="Boring But Big",IF(X61="","",MROUND(T61*X61,'Start-Options'!$B$38)),"") -> 50 | N97: =IF(S54="Boring But Big",10,"") -> 10
I99: Cycle 3
A100: Week 9 | B100: Assistance | F100: Accessory | J100: Week 10 | K100: Assistance | O100: Accessory | S100: Assistance Template
B101: Exercise | C101: Weight | E101: Reps | F101: Exercise | G101: Set/Reps | H101: Weight | K101: Exercise | L101: Weight | N101: Reps | O101: Exercise | P101: Set/Reps | Q101: Weight | S101: Boring But Big
A102: Day 3 Status: | B102: =IF(S101="Accessory Only","",IF(S101="Boring But Big",'Start-Options'!$B$4,T115)) -> Military | C102: =IF(S101="Accessory Only","",IF(S101="Boring But Big",IF(U105="","",MROUND(T105*U105,'Start-Options'!$B$38)),IF(T111=531,MROUND(U115*0.5,'Start-Options'!$B$38),MROUND(U115*0.6,'Start-Options'!$B$38)))) -> 32.5 | E102: =IF(S101="Accessory Only","",IF(S101="Boring But Big",10,IF(T111=531,10,8))) -> 10 | F102: Lats | G102: 42865 | H102: 55 | J102: Day 3 Status: | K102: =IF(S101="Accessory Only","",IF(S101="Boring But Big",'Start-Options'!$B$4,T115)) -> Military | L102: =IF(S101="Accessory Only","",IF(S101="Boring But Big",IF(V105="","",MROUND(T105*V105,'Start-Options'!$B$38)),IF(T111=531,MROUND(U115*0.6,'Start-Options'!$B$38),MROUND(U115*0.5,'Start-Options'!$B$38)))) -> 32.5 | N102: =IF(S101="Accessory Only","",IF(S101="Boring But Big",10,IF(T111=531,8,10))) -> 10 | O102: Lats | P102: 42865
C103: =IF(S101="Accessory Only","",IF(S101="Boring But Big",IF(U105="","",MROUND(T105*U105,'Start-Options'!$B$38)),IF(T111=531,MROUND(U115*0.6,'Start-Options'!$B$38),MROUND(U115*0.7,'Start-Options'!$B$38)))) -> 32.5 | E103: =IF(S101="Accessory Only","",IF(S101="Boring But Big",10,IF(T111=531,10,8))) -> 10 | F103: Status: | G103: Nästa gång! | H103: Stanna | L103: =IF(S101="Accessory Only","",IF(S101="Boring But Big",IF(V105="","",MROUND(T105*V105,'Start-Options'!$B$38)),IF(T111=531,MROUND(U115*0.7,'Start-Options'!$B$38),MROUND(U115*0.6,'Start-Options'!$B$38)))) -> 32.5 | N103: =IF(S101="Accessory Only","",IF(S101="Boring But Big",10,IF(T111=531,8,10))) -> 10 | O103: Status: | P103: Nästa gång! | Q103: Hann inte | S103: Boring But Big
C104: =IF(S101="Accessory Only","",IF(S101="Boring But Big",IF(U105="","",MROUND(T105*U105,'Start-Options'!$B$38)),IF(T111=531,MROUND(U115*0.7,'Start-Options'!$B$38),MROUND(U115*0.8,'Start-Options'!$B$38)))) -> 32.5 | E104: =IF(S101="Accessory Only","",IF(S101="Boring But Big",10,IF(T111=531,10,6))) -> 10 | L104: =IF(S101="Accessory Only","",IF(S101="Boring But Big",IF(V105="","",MROUND(T105*V105,'Start-Options'!$B$38)),IF(T111=531,MROUND(U115*0.8,'Start-Options'!$B$38),MROUND(U115*0.7,'Start-Options'!$B$38)))) -> 32.5 | N104: =IF(S101="Accessory Only","",IF(S101="Boring But Big",10,IF(T111=531,6,10))) -> 10 | S104: 5x10 | T104: 1RM | U104: Wk1 | V104: Wk2 | W104: Wk3 | X104: Wk4
C105: =IF(S101="Boring But Big",IF(U105="","",MROUND(T105*U105,'Start-Options'!$B$38)),"") -> 32.5 | E105: =IF(S101="Boring But Big",10,"") -> 10 | L105: =IF(S101="Boring But Big",IF(V105="","",MROUND(T105*V105,'Start-Options'!$B$38)),"") -> 32.5 | N105: =IF(S101="Boring But Big",10,"") -> 10 | S105: Military | T105: ='531'!Z45 -> 55 | U105: 0.6 | V105: 0.6 | W105: 0.6 | X105: 0.6
C106: =IF(S101="Boring But Big",IF(U105="","",MROUND(T105*U105,'Start-Options'!$B$38)),"") -> 32.5 | E106: =IF(S101="Boring But Big",10,"") -> 10 | L106: =IF(S101="Boring But Big",IF(V105="","",MROUND(T105*V105,'Start-Options'!$B$38)),"") -> 32.5 | N106: =IF(S101="Boring But Big",10,"") -> 10 | S106: Deadlift | T106: ='531'!Z46 -> 120 | U106: 0.6 | V106: 0.6 | W106: 0.6 | X106: 0.6
...

Sheet Extra!
E1: https://www.youtube.com/watch?v=OMg8GlND-V4
E2: https://www.bodybuilding.com/exercises/lying-rear-delt-raise
A3: Barbell Hip Thrust | B3: https://www.youtube.com/watch?time_continue=70&v=Zp26q4BY5HE&feature=emb_title | E3: https://www.youtube.com/watch?v=He-GN_4MAY4&feature=youtu.be
B4: Week 1 3x5 | K4: Week 2 3x3 | S4: Week 3 5/3/1 | Y4: Week 4 Deload
A5: Day 1 | B5: Reps | C5: Weight | D5: Rep Goal | E5: 1RM Goal | F5: Best Reps Done | G5: 1RM | I5: Day 1 | J5: Reps | K5: Weight | L5: Rep Goal | M5: 1RM Goal | N5: Best Reps Done | O5: 1RM | Q5: Day 1 | R5: Reps | S5: Weight | T5: Rep Goal | U5: 1RM Goal | V5: Best Reps Done | W5: 1RM
A6: Pull Ups | B6: 3x6-8 | C6: 90 | D6: =IF('Start-Options'!D11="","",ROUND((37-36*C6/('Start-Options'!F11+'Start-Options'!F36)),0)) -> 5 | E6: =IF('Start-Options'!D11="","",MROUND(C6*36/(37-D6),'Start-Options'!$B$38)) -> 102.5 | F6: 8 | G6: =IF(F6="","",MROUND(36*C6/(37-F6),'Start-Options'!$B$38)) -> 112.5 | I6: Pull Ups | J6: 3x6-8 | K6: 90 | Q6: Pull Ups | R6: 3x6-8
A7: Dips | B7: 5x8 | C7: 90 | D7: =IF('Start-Options'!D11="","",ROUND((37-36*C7/('Start-Options'!F11+'Start-Options'!F35)),0)) -> 5 | E7: =IF('Start-Options'!D11="","",MROUND(C7*36/(37-D7),'Start-Options'!$B$38)) -> 102.5 | F7: 8 | G7: =IF(F7="","",MROUND(36*C7/(37-F7),'Start-Options'!$B$38)) -> 112.5 | I7: Dips | J7: 5x8 | K7: 90 | Q7: Dips | R7: 5x8
A8: Barbell Row | B8: 5x10 | C8: =IF('Start-Options'!D12="","",MROUND('Start-Options'!F12*0.75,'Start-Options'!$B$38)) -> 37.5 | D8: =IF('Start-Options'!D12="","",ROUND((37-36*C8/('Start-Options'!F12+'Start-Options'!F36)),0)) -> 11 | E8: =IF('Start-Options'!D12="","",MROUND(C8*36/(37-D8),'Start-Options'!$B$38)) -> 52.5 | F8: 12 | G8: =IF(F8="","",MROUND(36*C8/(37-F8),'Start-Options'!$B$38)) -> 55 | I8: Barbell Row | J8: 5x10 | K8: =IF('Start-Options'!D12="","",MROUND('Start-Options'!D12*0.75,'Start-Options'!$B$38)) -> 7.5 | Q8: Barbell Row | R8: 5x10
A9: BB Curl | B9: 5x10 | C9: =IF('Start-Options'!D14="","",MROUND('Start-Options'!F14*0.75,'Start-Options'!$B$38)) -> 20 | D9: =IF('Start-Options'!D14="","",ROUND((37-36*C9/('Start-Options'!F14+'Start-Options'!F36)),0)) -> 11 | E9: =IF('Start-Options'!D14="","",MROUND(C9*36/(37-D9),'Start-Options'!$B$38)) -> 27.5 | F9: 9 | G9: =IF(F9="","",MROUND(36*C9/(37-F9),'Start-Options'!$B$38)) -> 25 | I9: BB Curl | J9: 5x10 | K9: =IF('Start-Options'!D14="","",MROUND('Start-Options'!F14*0.75,'Start-Options'!$B$38)) -> 20 | Q9: BB Curl | R9: 5x10
A10: BB Rear Delt Row | B10: 3x10 | C10: 30 | D10: =IF('Start-Options'!D15="","",ROUND((37-36*C10/('Start-Options'!F15+'Start-Options'!F34)),0)) -> 8 | E10: =IF('Start-Options'!D15="","",MROUND(C10*36/(37-D10),'Start-Options'!$B$38)) -> 37.5 | F10: 10 | G10: =IF(F10="","",MROUND(36*C10/(37-F10),'Start-Options'!$B$38)) -> 40 | I10: BB Rear Delt Row | J10: 3x10 | K10: 30 | Q10: BB Rear Delt Row | R10: 3x10
A11: Lateral Raise | B11: 3x10 | C11: 10 | D11: =IF('Start-Options'!D16="","",ROUND((37-36*C11/('Start-Options'!F16+'Start-Options'!F35)),0)) -> 16 | E11: =IF('Start-Options'!D16="","",MROUND(C11*36/(37-D11),'Start-Options'!$B$38)) -> 17.5 | F11: 12 | G11: =IF(F11="","",MROUND(36*C11/(37-F11),'Start-Options'!$B$38)) -> 15 | I11: Lateral Raise | J11: 3x10 | K11: 10 | Q11: Lateral Raise | R11: 3x10
A12: Day 2 | B12: Reps | C12: Weight | D12: Rep Goal | E12: 1RM Goal | F12: Best Reps Done | G12: 1RM | I12: Day 2 | J12: Reps | Q12: Day 2 | R12: Reps
A13: RDL | B13: 5x12 | C13: =IF('Start-Options'!D18="","",MROUND('Start-Options'!F18*0.75,'Start-Options'!$B$38)) -> 42.5 | D13: =IF('Start-Options'!D18="","",ROUND((37-36*C13/('Start-Options'!F18+'Start-Options'!$F$36)),0)) -> 10 | E13: =IF('Start-Options'!D18="","",MROUND(C13*36/(37-D13),'Start-Options'!$B$38)) -> 57.5 | G13: =IF(F13="","",MROUND(36*C13/(37-F13),'Start-Options'!$B$38)) | I13: RDL | J13: 5x12 | Q13: RDL | R13: 5x12
A14: Stiff Leg Deadlift | B14: 5x10 | C14: =IF('Start-Options'!D19="","",MROUND('Start-Options'!F19*0.75,'Start-Options'!$B$38)) -> 27.5 | D14: =IF('Start-Options'!D19="","",ROUND((37-36*C14/('Start-Options'!F19+'Start-Options'!$F$36)),0)) -> 11 | E14: =IF('Start-Options'!D19="","",MROUND(C14*36/(37-D14),'Start-Options'!$B$38)) -> 37.5 | G14: =IF(F14="","",MROUND(36*C14/(37-F14),'Start-Options'!$B$38)) | I14: Stiff Leg Deadlift | J14: 5x10 | Q14: Stiff Leg Deadlift | R14: 5x10
A15: Hanging Leg Raise | B15: 5x15 | C15: 90 | D15: =IF('Start-Options'!D20="","",ROUND((37-36*C15/('Start-Options'!F20+'Start-Options'!$F$36)),0)) -> 5 | E15: =IF('Start-Options'!D20="","",MROUND(C15*36/(37-D15),'Start-Options'!$B$38)) -> 102.5 | F15: 22 | G15: =IF(F15="","",MROUND(36*C15/(37-F15),'Start-Options'!$B$38)) -> 215 | I15: Hanging Leg Raise | J15: 5x15 | Q15: Hanging Leg Raise | R15: 5x15
A16: Day 3 | B16: Reps | C16: Weight | D16: Rep Goal | E16: 1RM Goal | F16: Best Reps Done | G16: 1RM | I16: Day 3 | J16: Reps | Q16: Day 3 | R16: Reps
A17: Barbell Row | B17: 5x10 | C17: =IF('Start-Options'!D12="","",MROUND('Start-Options'!F12*0.75,'Start-Options'!$B$38)) -> 37.5 | D17: =IF(G8="","",IF(G8<'Start-Options'!F12,ROUND((37-36*C17/('Start-Options'!F12+'Start-Options'!$F$36)),0),ROUND((37-36*C17/(G8+'Start-Options'!$F$36)),0))) -> 14 | E17: =IF(D17="","",MROUND(C17*36/(37-D17),'Start-Options'!B38)) -> 57.5 | F17: 3 | G17: =IF(F17="","",MROUND(36*C17/(37-F17),'Start-Options'!$B$38)) -> 40 | I17: Barbell Row | J17: 5x10 | Q17: Barbell Row | R17: 5x10
A18: Chin Ups | B18: 3x6-8 | C18: 90 | D18: =IF('Start-Options'!D22="","",ROUND((37-36*C18/('Start-Options'!F22+'Start-Options'!$F$36)),0)) -> 5 | E18: =IF('Start-Options'!D22="","",MROUND(C18*36/(37-D18),'Start-Options'!$B$38)) -> 102.5 | G18: =IF(F18="","",MROUND(36*C18/(37-F18),'Start-Options'!$B$38)) | I18: Chin Ups | J18: 3x6-8 | Q18: Chin Ups | R18: 3x6-8
A19: Incline Bench | B19: 5x15 | C19: =IF('Start-Options'!D23="","",MROUND('Start-Options'!F23*0.75,'Start-Options'!$B$38)) -> 42.5 | D19: =IF('Start-Options'!D23="","",ROUND((37-36*C19/('Start-Options'!F23+'Start-Options'!$F$36)),0)) -> 10 | E19: =IF(D19="","",MROUND(C19*36/(37-D19),'Start-Options'!$B$38)) -> 57.5 | G19: =IF(F19="","",MROUND(36*C19/(37-F19),'Start-Options'!$B$38)) | I19: Incline Bench | J19: 5x15 | Q19: Incline Bench | R19: 5x15
A20: Hammer Curl | B20: 5x10 | C20: =IF('Start-Options'!D24="","",MROUND('Start-Options'!F24*0.75,'Start-Options'!$B$38)) -> 27.5 | D20: =IF('Start-Options'!D24="","",ROUND((37-36*C20/('Start-Options'!F24+'Start-Options'!$F$36)),0)) -> 11 | E20: =IF(D20="","",MROUND(C20*36/(37-D20),'Start-Options'!$B$38)) -> 37.5 | G20: =IF(F20="","",MROUND(36*C20/(37-F20),'Start-Options'!$B$38)) | I20: Hammer Curl | J20: 5x10 | Q20: Hammer Curl | R20: 5x10
A21: BB Overhead Triceps Extension | B21: 5x10 | C21: =IF('Start-Options'!D25="","",MROUND('Start-Options'!F25*0.75,'Start-Options'!$B$38)) -> 12.5 | D21: =IF('Start-Options'!D25="","",ROUND((37-36*C21/('Start-Options'!F25+'Start-Options'!$F$36)),0)) -> 11 | E21: =IF(D21="","",MROUND(C21*36/(37-D21),'Start-Options'!$B$38)) -> 17.5 | G21: =IF(F21="","",MROUND(36*C21/(37-F21),'Start-Options'!$B$38)) | I21: BB Overhead Triceps Extension | J21: 5x10 | Q21: BB Overhead Triceps Extension | R21: 5x10
A22: BB Rear Delt Row | B22: 3x10 | C22: =IF('Start-Options'!D15="","",MROUND('Start-Options'!F15*0.75,'Start-Options'!$B$38)) -> 27.5 | D22: =IF(G10="","",IF(G10<'Start-Options'!F17,ROUND((37-36*C22/('Start-Options'!F17+'Start-Options'!$F$36)),0),ROUND((37-36*C22/(G10+'Start-Options'!$F$36)),0))) -> 14 | E22: =IF(D22="","",MROUND(C22*36/(37-D22),'Start-Options'!$B$38)) -> 42.5 | G22: =IF(F22="","",MROUND(36*C22/(37-F22),'Start-Options'!$B$38)) | I22: BB Rear Delt Row | J22: 3x10 | Q22: BB Rear Delt Row | R22: 3x10
A23: Day 4 | B23: Reps | C23: Weight | D23: Rep Goal | E23: 1RM Goal | F23: Best Reps Done | G23: 1RM | I23: Day 4 | J23: Reps | Q23: Day 4 | R23: Reps
A24: Barbell Row | B24: 5x10 | C24: =IF('Start-Options'!D12="","",MROUND('Start-Options'!F12*0.75,'Start-Options'!$B$38)) -> 37.5 | D24: =IF(G17="","",IF(G17<'Start-Options'!F19,ROUND((37-36*C24/('Start-Options'!F19+'Start-Options'!$F$36)),0),ROUND((37-36*C24/(G17+'Start-Options'!$F$36)),0))) -> 5 | E24: =IF(D24="","",MROUND(C24*36/(37-D24),'Start-Options'!$B$38)) -> 42.5 | G24: =IF(F24="","",MROUND(36*C24/(37-F24),'Start-Options'!$B$38)) | I24: Barbell Row | J24: 5x10 | Q24: Barbell Row | R24: 5x10
A25: Front Squat | B25: 5x10 | C25: =IF('Start-Options'!D27="","",MROUND('Start-Options'!F27*0.75,'Start-Options'!$B$38)) -> 27.5 | D25: =IF('Start-Options'!D27="","",ROUND((37-36*C25/('Start-Options'!F27+'Start-Options'!$F$36)),0)) -> 11 | E25: =IF(D25="","",MROUND(C25*36/(37-D25),'Start-Options'!$B$38)) -> 37.5 | G25: =IF(F25="","",MROUND(36*C25/(37-F25),'Start-Options'!$B$38)) | I25: Front Squat | J25: 5x10 | Q25: Front Squat | R25: 5x10
A26: Good Mornings | B26: 5x10 | C26: =IF('Start-Options'!D28="","",MROUND('Start-Options'!F28*0.75,'Start-Options'!$B$38)) -> 12.5 | D26: =IF('Start-Options'!D28="","",ROUND((37-36*C26/('Start-Options'!F28+'Start-Options'!$F$36)),0)) -> 11 | E26: =IF(D26="","",MROUND(C26*36/(37-D26),'Start-Options'!$B$38)) -> 17.5 | G26: =IF(F26="","",MROUND(36*C26/(37-F26),'Start-Options'!$B$38)) | I26: Good Mornings | J26: 5x10 | Q26: Good Mornings | R26: 5x10
A27: Barbell Hip Thrust | B27: 5x15 | C27: =IF('Start-Options'!D29="","",MROUND('Start-Options'!F29*0.75,'Start-Options'!$B$38)) -> 12.5 | D27: =IF('Start-Options'!D29="","",ROUND((37-36*C27/('Start-Options'!F29+'Start-Options'!$F$36)),0)) -> 11 | E27: =IF(D27="","",MROUND(C27*36/(37-D27),'Start-Options'!$B$38)) -> 17.5 | G27: =IF(F27="","",MROUND(36*C27/(37-F27),'Start-Options'!$B$38)) | I27: Barbell Hip Thrust | J27: 5x15 | Q27: Barbell Hip Thrust | R27: 5x15
A28: Hanging Leg Raise | B28: 5x15 | C28: 90 | D28: =IF(G15="","",IF(G15<'Start-Options'!F23,ROUND((37-36*C28/('Start-Options'!F23+'Start-Options'!$F$36)),0),ROUND((37-36*C28/(G15+'Start-Options'!$F$36)),0))) -> 22 | E28: =IF(D28="","",MROUND(C28*36/(37-D28),'Start-Options'!$B$38)) -> 215 | G28: =IF(F28="","",MROUND(36*C28/(37-F28),'Start-Options'!$B$38)) | I28: Hanging Leg Raise | J28: 5x15 | Q28: Hanging Leg Raise | R28: 5x15

Sheet 531 Progress Tracker
H1: 5/3/1 Progress Tracker | M1: v3.0F
C2: ONLY Compatible with 5/3/1
H4: Highest Estimated 1RM to Date | M4: 5/3/1 Program
H5: Military | I5: Deadlift | J5: Bench | K5: Squat | M5: Accessory Planner
H6: =IF(MAX(X11:X49)=0,"",MAX(X11:X49)) -> 67.5 | I6: =IF(MAX(Y11:Y49)=0,"",MAX(Y11:Y49)) -> 152.5 | J6: =IF(MAX(Z11:Z49)=0,"",MAX(Z11:Z49)) -> 85 | K6: =IF(MAX(AA11:AA49)=0,"",MAX(AA11:AA49)) -> 107.5 | M6: Start/Options | X6: Military | Y6: Deadlift | Z6: Bench | AA6: Squat
V7: Nästa nivå: | X7: =IF(X9="Beginner!",'Nivåer'!D4,IF(X9="Novice!",'Nivåer'!D5,IF(X9="Intermediate!",'Nivåer'!D6,IF(X9="Advanced!",'Nivåer'!D7,IF(X9="Elite!",'Nivåer'!D8,""))))) -> 71 | Y7: =IF(Y9="Beginner!",'Nivåer'!F4,IF(Y9="Novice!",'Nivåer'!F5,IF(Y9="Intermediate!",'Nivåer'!F6,IF(Y9="Advanced!",'Nivåer'!F7,IF(Y9="Elite!",'Nivåer'!F8,""))))) -> 161 | Z7: =IF(Z9="Beginner!",'Nivåer'!B4,IF(Z9="Novice!",'Nivåer'!B5,IF(Z9="Intermediate!",'Nivåer'!B6,IF(Z9="Advanced!",'Nivåer'!B7,IF(Z9="Elite!",'Nivåer'!B8,""))))) -> 106 | AA7: =IF(AA9="Beginner!",'Nivåer'!H4,IF(AA9="Novice!",'Nivåer'!H5,IF(AA9="Intermediate!",'Nivåer'!H6,IF(AA9="Advanced!",'Nivåer'!H7,IF(AA9="Elite!",'Nivåer'!H8,""))))) -> 139
V8: Kilon kvar | X8: =X7-H6 -> 3.5 | Y8: =Y7-I6 -> 8.5 | Z8: =Z7-J6 -> 21 | AA8: =AA7-K6 -> 31.5
V9: Min nivå: | X9: =IF(AND(MAX($X$11:$X$49)>'Nivåer'!D3,MAX($X$11:$X$49)<'Nivåer'!D4),"Beginner!",IF(AND(MAX($X$11:$X$49)>'Nivåer'!D4,MAX($X$11:$X$49)<'Nivåer'!D5),"Novice!",IF(AND(MAX($X$11:$X$49)>'Nivåer'!D5,MAX($X$11:$X$49)<'Nivåer'!D6),"Intermediate!",IF(AND(MAX($X$11:$X$49)>'Nivåer'!D6,MAX($X$11:$X$49)<'Nivåer'!D7),"Advanced!",IF(MAX($X$11:$X$49)>'Nivåer'!D7,"Elite!"))))) -> Novice! | Y9: =IF(AND(MAX($Y$11:$Y$49)>'Nivåer'!F3,MAX($Y$11:$Y$49)<'Nivåer'!F4),"Beginner!",IF(AND(MAX($Y$11:$Y$49)>'Nivåer'!F4,MAX($Y$11:$Y$49)<'Nivåer'!F5),"Novice!",IF(AND(MAX($Y$11:$Y$49)>'Nivåer'!F5,MAX($Y$11:$Y$49)<'Nivåer'!F6),"Intermediate!",IF(AND(MAX($Y$11:$Y$49)>'Nivåer'!F6,MAX($Y$11:$Y$49)<'Nivåer'!F7),"Advanced!",IF(MAX($Y$11:$Y$49)>'Nivåer'!F7,"Elite!"))))) -> Novice! | Z9: =IF(AND(MAX($Z$11:$Z$49)>'Nivåer'!B3,MAX($Z$11:$Z$49)<'Nivåer'!B4),"Beginner!",IF(AND(MAX($Z$11:$Z$49)>'Nivåer'!B4,MAX($Z$11:$Z$49)<'Nivåer'!B5),"Novice!",IF(AND(MAX($Z$11:$Z$49)>'Nivåer'!B5,MAX($Z$11:$Z$49)<'Nivåer'!B6),"Intermediate!",IF(AND(MAX($Z$11:$Z$49)>'Nivåer'!B6,MAX($Z$11:$Z$49)<'Nivåer'!B7),"Advanced!",IF(MAX($Z$11:$Z$49)>'Nivåer'!B7,"Elite!"))))) -> Novice! | AA9: =IF(AND(MAX($AA$11:$AA$49)>'Nivåer'!H3,MAX($AA$11:$AA$49)<'Nivåer'!H4),"Beginner!",IF(AND(MAX($AA$11:$AA$49)>'Nivåer'!H4,MAX($AA$11:$AA$49)<'Nivåer'!H5),"Novice!",IF(AND(MAX($AA$11:$AA$49)>'Nivåer'!H5,MAX($AA$11:$AA$49)<'Nivåer'!H6),"Intermediate!",IF(AND(MAX($AA$11:$AA$49)>'Nivåer'!A6,MAX($AA$11:$AA$49)<'Nivåer'!A7),"Advanced!",IF(MAX($AA$11:$AA$49)>'Nivåer'!A7,"Elite!"))))) -> Novice!
V10: Cycle | W10: Wk | X10: 1RM | Y10: 1RM | Z10: 1RM | AA10: 1RM
V11: 1 | W11: 1 | X11: ='531'!F15 -> 52.5 | Y11: ='531'!F18 -> 110 | Z11: ='531'!F21 | AA11: ='531'!F24
W12: 2 | X12: ='531'!M15 | Y12: ='531'!M18 | Z12: ='531'!M21 | AA12: ='531'!M24
W13: 3 | X13: ='531'!T15 | Y13: ='531'!T18 | Z13: ='531'!T21 | AA13: ='531'!T24
V14: 2 | W14: 5 | X14: ='531'!F31 | Y14: ='531'!F34 | Z14: ='531'!F37 | AA14: ='531'!F40
W15: 6 | X15: ='531'!M31 | Y15: ='531'!M34 | Z15: ='531'!M37 | AA15: ='531'!M40
W16: 7 | X16: ='531'!T31 | Y16: ='531'!T34 | Z16: ='531'!T37 | AA16: ='531'!T40
V17: 3 | W17: 9 | X17: ='531'!F47 | Y17: ='531'!F50 | Z17: ='531'!F53 | AA17: ='531'!F56
W18: 10 | X18: ='531'!M47 | Y18: ='531'!M50 | Z18: ='531'!M53 | AA18: ='531'!M56
W19: 11 | X19: ='531'!T47 | Y19: ='531'!T50 | Z19: ='531'!T53 | AA19: ='531'!T56
V20: 4 | W20: 13 | X20: ='531'!F63 | Y20: ='531'!F66 | Z20: ='531'!F69 | AA20: ='531'!F72
W21: 14 | X21: ='531'!M63 | Y21: ='531'!M66 | Z21: ='531'!M69 | AA21: ='531'!M72
W22: 15 | X22: ='531'!T63 | Y22: ='531'!T66 | Z22: ='531'!T69 | AA22: ='531'!T72
V23: 5 | W23: 17 | X23: ='531'!F79 -> 62.5 | Y23: ='531'!F82 -> 132.5 | Z23: ='531'!F85 -> 80 | AA23: ='531'!F88 -> 102.5
W24: 18 | X24: ='531'!M79 -> 62.5 | Y24: ='531'!M82 -> 137.5 | Z24: ='531'!M85 -> 82.5 | AA24: ='531'!M88 -> 105
W25: 19 | X25: ='531'!T79 -> 67.5 | Y25: ='531'!T82 -> 152.5 | Z25: ='531'!T85 -> 80 | AA25: ='531'!T88 -> 107.5
V26: 6 | W26: 21 | X26: ='531'!F95 -> 60 | Y26: ='531'!F98 -> 142.5 | Z26: ='531'!F101 -> 85 | AA26: ='531'!F104 -> 102.5
W27: 22 | X27: ='531'!M95 -> 67.5 | Y27: ='531'!M98 -> 147.5 | Z27: ='531'!M101 -> 82.5 | AA27: ='531'!M104 -> 107.5
W28: 23 | X28: ='531'!T95 -> 62.5 | Y28: ='531'!T98 -> 142.5 | Z28: ='531'!T101 | AA28: ='531'!T104
V29: 7 | W29: 25 | X29: ='531'!F111 | Y29: ='531'!F114 | Z29: ='531'!F117 | AA29: ='531'!F120
W30: 26 | X30: ='531'!M111 | Y30: ='531'!M114 | Z30: ='531'!M117 | AA30: ='531'!M120
W31: 27 | X31: ='531'!T111 | Y31: ='531'!T114 | Z31: ='531'!T117 | AA31: ='531'!T120
V32: 8 | W32: 29 | X32: ='531'!F127 | Y32: ='531'!F130 | Z32: ='531'!F133 | AA32: ='531'!F136
W33: 30 | X33: ='531'!M127 | Y33: ='531'!M130 | Z33: ='531'!M133 | AA33: ='531'!M136
W34: 31 | X34: ='531'!T127 | Y34: ='531'!T130 | Z34: ='531'!T133 | AA34: ='531'!T136
V35: 9 | W35: 33 | X35: ='531'!F143 | Y35: ='531'!F146 | Z35: ='531'!F149 | AA35: ='531'!F152
W36: 34 | X36: ='531'!M143 | Y36: ='531'!M146 | Z36: ='531'!M149 | AA36: ='531'!M152
W37: 35 | X37: ='531'!T143 | Y37: ='531'!T146 | Z37: ='531'!T149 | AA37: ='531'!T152
V38: 10 | W38: 37 | X38: ='531'!F159 | Y38: ='531'!F162 | Z38: ='531'!F165 | AA38: ='531'!F168
W39: 38 | X39: ='531'!M159 | Y39: ='531'!M162 | Z39: ='531'!M165 | AA39: ='531'!M168
W40: 39 | X40: ='531'!T159 | Y40: ='531'!T162 | Z40: ='531'!T165 | AA40: ='531'!T168
V41: 11 | W41: 41 | X41: ='531'!F175 | Y41: ='531'!F178 | Z41: ='531'!F181 | AA41: ='531'!F184
W42: 42 | X42: ='531'!M175 | Y42: ='531'!M178 | Z42: ='531'!M181 | AA42: ='531'!M184
W43: 43 | X43: ='531'!T175 | Y43: ='531'!T178 | Z43: ='531'!T181 | AA43: ='531'!T184
V44: 12 | W44: 45 | X44: ='531'!F191 | Y44: ='531'!F194 | Z44: ='531'!F197 | AA44: ='531'!F200
W45: 46 | X45: ='531'!M191 | Y45: ='531'!M194 | Z45: ='531'!M197 | AA45: ='531'!M200
W46: 47 | X46: ='531'!T191 | Y46: ='531'!T194 | Z46: ='531'!T197 | AA46: ='531'!T200
V47: 13 | W47: 49 | X47: ='531'!F207 | Y47: ='531'!F210 | Z47: ='531'!F213 | AA47: ='531'!F216
W48: 50 | X48: ='531'!M207 | Y48: ='531'!M210 | Z48: ='531'!M213 | AA48: ='531'!M216
W49: 51 | X49: ='531'!T207 | Y49: ='531'!T210 | Z49: ='531'!T213 | AA49: ='531'!T216

Sheet BFR

Sheet 351 PL
K1: 3/5/1 Powerlifting | Q1: v3.0F
B3: 1RM Calculator | I3: Rep Goal Calculator | P3: Weight Calculator | V3: Start/Options
B4: Weight | C4: Reps | D4: 1RM | I4: Weight | J4: 1RM | K4: Rep | P4: 1RM | Q4: Reps | R4: Weight | V4: Progress Tracker
D5: =IF(OR(C5="",B5=""),"",MROUND((36*B5)/(37-C5),'Start-Options'!B38)) | K5: =IF(OR(I5="",J5=""),"",ROUND(37-(36*I5/J5),0)) | R5: =IF(OR(Q5="",P5=""),"",MROUND(P5/(36/(37-Q5)),'Start-Options'!B38)) | V5: Accessory Planner
L7: Cycle 1
B8: Week 1 3x3 | J8: Week 2 3x5 | P8: Week 3 5/3/1 | V8: Week 4 Deload
B9: Weight | C9: Rep Goal | D9: 1RM Goal | E9: Reps Done | F9: 1RM | G9: Singles x3 | J9: Weight | K9: Reps Done | L9: 1RM | O9: Weight | P9: Rep Goal | Q9: 1RM Goal | R9: Reps Done | S9: 1RM | T9: Singles x2 | W9: Weight | Y9: Cycle 1 1RM
B10: =IF('Start-Options'!D4="","",MROUND('Start-Options'!F4*0.7,'Start-Options'!B38)) -> 35 | J10: =IF('Start-Options'!D4="","",MROUND('Start-Options'!F4*0.65,'Start-Options'!B38)) -> 32.5 | O10: =IF('Start-Options'!D4="","",MROUND('Start-Options'!F4*0.75,'Start-Options'!B38)) -> 37.5 | W10: =IF('Start-Options'!D4="","",MROUND('Start-Options'!F4*0.4,'Start-Options'!B38)) -> 20 | Y10: ='Start-Options'!B4 -> Military | Z10: ='Start-Options'!F4 -> 50
A11: ='Start-Options'!B4 -> Military | B11: =IF('Start-Options'!D4="","",MROUND('Start-Options'!F4*0.8,'Start-Options'!B38)) -> 40 | I11: ='Start-Options'!B4 -> Military | J11: =IF('Start-Options'!D4="","",MROUND('Start-Options'!F4*0.75,'Start-Options'!B38)) -> 37.5 | N11: ='Start-Options'!B4 -> Military | O11: =IF('Start-Options'!D4="","",MROUND('Start-Options'!F4*0.85,'Start-Options'!B38)) -> 42.5 | V11: ='Start-Options'!B4 -> Military | W11: =IF('Start-Options'!D4="","",MROUND('Start-Options'!F4*0.5,'Start-Options'!B38)) -> 25 | Y11: ='Start-Options'!B5 -> Deadlift | Z11: ='Start-Options'!F5 -> 110
B12: =IF('Start-Options'!D4="","",MROUND('Start-Options'!F4*0.9,'Start-Options'!B38)) -> 45 | C12: =IF('Start-Options'!D4="","",ROUND((37-36*B12/('Start-Options'!F4+'Start-Options'!F32)),0)) -> 6 | D12: =IF('Start-Options'!D4="","",MROUND(B12*36/(37-C12),'Start-Options'!B38)) -> 52.5 | F12: =IF(E12="","",MROUND(36*B12/(37-E12),'Start-Options'!B38)) | G12: =Z10 -> 50 | J12: =IF('Start-Options'!D4="","",MROUND('Start-Options'!F4*0.85,'Start-Options'!B38)) -> 42.5 | L12: =IF(K12="","",MROUND(36*J12/(37-K12),'Start-Options'!B38)) | O12: =IF('Start-Options'!D4="","",MROUND('Start-Options'!F4*0.95,'Start-Options'!B38)) -> 47.5 | P12: =IF(L12="","",IF(F12<'Start-Options'!F4,ROUND((37-36*O12/('Start-Options'!F4+'Start-Options'!F32)),0),ROUND((37-36*O12/(F12+'Start-Options'!F32)),0))) | Q12: =IF(P12="","",MROUND(O12*36/(37-P12),'Start-Options'!B38)) | S12: =IF(R12="","",MROUND(36*O12/(37-R12),'Start-Options'!B38)) | T12: =Z10 -> 50 | W12: =IF('Start-Options'!D4="","",MROUND('Start-Options'!F4*0.6,'Start-Options'!B38)) -> 30 | Y12: ='Start-Options'!B6 -> Bench | Z12: ='Start-Options'!F6 -> 70
B13: =IF('Start-Options'!D5="","",MROUND('Start-Options'!F5*0.7,'Start-Options'!B38)) -> 77.5 | J13: =IF('Start-Options'!D5="","",MROUND('Start-Options'!F5*0.65,'Start-Options'!B38)) -> 72.5 | O13: =IF('Start-Options'!D5="","",MROUND('Start-Options'!F5*0.75,'Start-Options'!B38)) -> 82.5 | W13: =IF('Start-Options'!D5="","",MROUND('Start-Options'!F5*0.4,'Start-Options'!B38)) -> 45 | Y13: ='Start-Options'!B7 -> Squat | Z13: ='Start-Options'!F7 -> 80
A14: ='Start-Options'!B5 -> Deadlift | B14: =IF('Start-Options'!D5="","",MROUND('Start-Options'!F5*0.8,'Start-Options'!B38)) -> 87.5 | I14: ='Start-Options'!B5 -> Deadlift | J14: =IF('Start-Options'!D5="","",MROUND('Start-Options'!F5*0.75,'Start-Options'!B38)) -> 82.5 | N14: ='Start-Options'!B5 -> Deadlift | O14: =IF('Start-Options'!D5="","",MROUND('Start-Options'!F5*0.85,'Start-Options'!B38)) -> 92.5 | V14: ='Start-Options'!B5 -> Deadlift | W14: =IF('Start-Options'!D5="","",MROUND('Start-Options'!F5*0.5,'Start-Options'!B38)) -> 55
B15: =IF('Start-Options'!D5="","",MROUND('Start-Options'!F5*0.9,'Start-Options'!B38)) -> 100 | C15: =IF('Start-Options'!D5="","",ROUND((37-36*B15/('Start-Options'!F5+'Start-Options'!F33)),0)) -> 5 | D15: =IF('Start-Options'!D5="","",MROUND(B15*36/(37-C15),'Start-Options'!B38)) -> 112.5 | F15: =IF(E15="","",MROUND(36*B15/(37-E15),'Start-Options'!B38)) | G15: =Z11 -> 110 | J15: =IF('Start-Options'!D5="","",MROUND('Start-Options'!F5*0.85,'Start-Options'!B38)) -> 92.5 | L15: =IF(K15="","",MROUND(36*J15/(37-K15),'Start-Options'!B38)) | O15: =IF('Start-Options'!D5="","",MROUND('Start-Options'!F5*0.95,'Start-Options'!B38)) -> 105 | P15: =IF(L15="","",IF(F15<'Start-Options'!F5,ROUND((37-36*O15/('Start-Options'!F5+'Start-Options'!F33)),0),ROUND((37-36*O15/(F15+'Start-Options'!F33)),0))) | Q15: =IF(P15="","",MROUND(O15*36/(37-P15),'Start-Options'!B38)) | S15: =IF(R15="","",MROUND(36*O15/(37-R15),'Start-Options'!B38)) | T15: =Z11 -> 110 | W15: =IF('Start-Options'!D5="","",MROUND('Start-Options'!F5*0.6,'Start-Options'!B38)) -> 65 | Y15: Warm-up Calc
B16: =IF('Start-Options'!D6="","",MROUND('Start-Options'!F6*0.7,'Start-Options'!B38)) -> 50 | J16: =IF('Start-Options'!D6="","",MROUND('Start-Options'!F6*0.65,'Start-Options'!B38)) -> 45 | O16: =IF('Start-Options'!D6="","",MROUND('Start-Options'!F6*0.75,'Start-Options'!B38)) -> 52.5 | W16: =IF('Start-Options'!D6="","",MROUND('Start-Options'!F6*0.4,'Start-Options'!B38)) -> 27.5 | Y16: Top Set
A17: ='Start-Options'!B6 -> Bench | B17: =IF('Start-Options'!D6="","",MROUND('Start-Options'!F6*0.8,'Start-Options'!B38)) -> 55 | I17: ='Start-Options'!B6 -> Bench | J17: =IF('Start-Options'!D6="","",MROUND('Start-Options'!F6*0.75,'Start-Options'!B38)) -> 52.5 | N17: ='Start-Options'!B6 -> Bench | O17: =IF('Start-Options'!D6="","",MROUND('Start-Options'!F6*0.85,'Start-Options'!B38)) -> 60 | V17: ='Start-Options'!B6 -> Bench | W17: =IF('Start-Options'!D6="","",MROUND('Start-Options'!F6*0.5,'Start-Options'!B38)) -> 35 | Y17: 40%x5 | Z17: =IF(Z16="","",MROUND(Z16*0.4,'Start-Options'!$B$38))
B18: =IF('Start-Options'!D6="","",MROUND('Start-Options'!F6*0.9,'Start-Options'!B38)) -> 62.5 | C18: =IF('Start-Options'!D6="","",ROUND((37-36*B18/('Start-Options'!F6+'Start-Options'!F34)),0)) -> 6 | D18: =IF('Start-Options'!D6="","",MROUND(B18*36/(37-C18),'Start-Options'!B38)) -> 72.5 | F18: =IF(E18="","",MROUND(36*B18/(37-E18),'Start-Options'!B38)) | G18: =Z12 -> 70 | J18: =IF('Start-Options'!D6="","",MROUND('Start-Options'!F6*0.85,'Start-Options'!B38)) -> 60 | L18: =IF(K18="","",MROUND(36*J18/(37-K18),'Start-Options'!B38)) | O18: =IF('Start-Options'!D6="","",MROUND('Start-Options'!F6*0.95,'Start-Options'!B38)) -> 67.5 | P18: =IF(L18="","",IF(F18<'Start-Options'!F6,ROUND((37-36*O18/('Start-Options'!F6+'Start-Options'!F34)),0),ROUND((37-36*O18/(F18+'Start-Options'!F34)),0))) | Q18: =IF(P18="","",MROUND(O18*36/(37-P18),'Start-Options'!B38)) | S18: =IF(R18="","",MROUND(36*O18/(37-R18),'Start-Options'!B38)) | T18: =Z12 -> 70 | W18: =IF('Start-Options'!D6="","",MROUND('Start-Options'!F6*0.6,'Start-Options'!B38)) -> 42.5 | Y18: 50%x5 | Z18: =IF(Z16="","",MROUND(Z16*0.5,'Start-Options'!$B$38))
B19: =IF('Start-Options'!D7="","",MROUND('Start-Options'!F7*0.7,'Start-Options'!B38)) -> 55 | J19: =IF('Start-Options'!D7="","",MROUND('Start-Options'!F7*0.65,'Start-Options'!B38)) -> 52.5 | O19: =IF('Start-Options'!D7="","",MROUND('Start-Options'!F7*0.75,'Start-Options'!B38)) -> 60 | W19: =IF('Start-Options'!D7="","",MROUND('Start-Options'!F7*0.4,'Start-Options'!B38)) -> 32.5 | Y19: 60%x3 | Z19: =IF(Z16="","",MROUND(Z16*0.6,'Start-Options'!$B$38))
A20: ='Start-Options'!B7 -> Squat | B20: =IF('Start-Options'!D7="","",MROUND('Start-Options'!F7*0.8,'Start-Options'!B38)) -> 65 | I20: ='Start-Options'!B7 -> Squat | J20: =IF('Start-Options'!D7="","",MROUND('Start-Options'!F7*0.75,'Start-Options'!B38)) -> 60 | N20: ='Start-Options'!B7 -> Squat | O20: =IF('Start-Options'!D7="","",MROUND('Start-Options'!F7*0.85,'Start-Options'!B38)) -> 67.5 | V20: ='Start-Options'!B7 -> Squat | W20: =IF('Start-Options'!D7="","",MROUND('Start-Options'!F7*0.5,'Start-Options'!B38)) -> 40
B21: =IF('Start-Options'!D7="","",MROUND('Start-Options'!F7*0.9,'Start-Options'!B38)) -> 72.5 | C21: =IF('Start-Options'!D7="","",ROUND((37-36*B21/('Start-Options'!F7+'Start-Options'!F35)),0)) -> 5 | D21: =IF('Start-Options'!D7="","",MROUND(B21*36/(37-C21),'Start-Options'!B38)) -> 82.5 | F21: =IF(E21="","",MROUND(36*B21/(37-E21),'Start-Options'!B38)) | G21: =Z13 -> 80 | J21: =IF('Start-Options'!D7="","",MROUND('Start-Options'!F7*0.85,'Start-Options'!B38)) -> 67.5 | L21: =IF(K21="","",MROUND(36*J21/(37-K21),'Start-Options'!B38)) | O21: =IF('Start-Options'!D7="","",MROUND('Start-Options'!F7*0.95,'Start-Options'!B38)) -> 75 | P21: =IF(L21="","",IF(F21<'Start-Options'!F7,ROUND((37-36*O21/('Start-Options'!F7+'Start-Options'!F35)),0),ROUND((37-36*O21/(F21+'Start-Options'!F35)),0))) | Q21: =IF(P21="","",MROUND(O21*36/(37-P21),'Start-Options'!B38)) | S21: =IF(R21="","",MROUND(36*O21/(37-R21),'Start-Options'!B38)) | T21: =Z13 -> 80 | W21: =IF('Start-Options'!D7="","",MROUND('Start-Options'!F7*0.6,'Start-Options'!B38)) -> 47.5
L23: Cycle 2
C24: Week 5 3x3 | J24: Week 6 3x5 | P24: Week 7 5/3/1 | V24: Week 8 Deload
B25: Weight | C25: Rep Goal | D25: 1RM Goal | E25: Reps Done | F25: 1RM | G25: Singles x3 | J25: Weight | K25: Reps Done | L25: 1RM | O25: Weight | P25: Rep Goal | Q25: 1RM Goal | R25: Reps Done | S25: 1RM | T25: Singles x2 | W25: Weight | Y25: Cycle 2 1RM | AA25: Stall | AB25: Backoff Amount
B26: =IF(Z26="","",MROUND(Z26*0.7,'Start-Options'!B38)) -> 37.5 | J26: =IF(Z26="","",MROUND(Z26*0.65,'Start-Options'!B38)) -> 35 | O26: =IF(Z26="","",MROUND(Z26*0.75,'Start-Options'!B38)) -> 40 | W26: =IF(Z26="","",MROUND(Z26*0.4,'Start-Options'!B38)) -> 20 | Y26: ='Start-Options'!B4 -> Military | Z26: =IF('Start-Options'!F4="","",'Start-Options'!F4+'Start-Options'!C32) -> 52.5
A27: ='Start-Options'!B4 -> Military | B27: =IF(Z26="","",MROUND(Z26*0.8,'Start-Options'!B38)) -> 42.5 | I27: ='Start-Options'!B4 -> Military | J27: =IF(Z26="","",MROUND(Z26*0.75,'Start-Options'!B38)) -> 40 | N27: ='Start-Options'!B4 -> Military | O27: =IF(Z26="","",MROUND(Z26*0.85,'Start-Options'!B38)) -> 45 | V27: ='Start-Options'!B4 -> Military | W27: =IF(Z26="","",MROUND(Z26*0.5,'Start-Options'!B38)) -> 27.5 | Y27: ='Start-Options'!B5 -> Deadlift | Z27: =IF('Start-Options'!F5="","",'Start-Options'!F5+'Start-Options'!C33) -> 115
B28: =IF(Z26="","",MROUND(Z26*0.9,'Start-Options'!B38)) -> 47.5 | C28: =IF(Z26="","",ROUND((37-36*B28/(Z26+'Start-Options'!F32)),0)) -> 6 | D28: =IF(Z26="","",MROUND(B28*36/(37-C28),'Start-Options'!B38)) -> 55 | F28: =IF(E28="","",MROUND(36*B28/(37-E28),'Start-Options'!B38)) | G28: =Z26 -> 52.5 | J28: =IF(Z26="","",MROUND(Z26*0.85,'Start-Options'!B38)) -> 45 | L28: =IF(K28="","",MROUND(36*J28/(37-K28),5)) | O28: =IF(Z26="","",MROUND(Z26*0.95,'Start-Options'!B38)) -> 50 | P28: =IF(L28="","",IF(F28<Z26,ROUND((37-36*O28/(Z26+'Start-Options'!F32)),0),ROUND((37-36*O28/(F28+'Start-Options'!F32)),0))) | Q28: =IF(P28="","",MROUND(O28*36/(37-P28),'Start-Options'!B38)) | S28: =IF(R28="","",MROUND(36*O28/(37-R28),'Start-Options'!B38)) | T28: =Z26 -> 52.5 | W28: =IF(Z26="","",MROUND(Z26*0.6,'Start-Options'!B38)) -> 32.5 | Y28: ='Start-Options'!B6 -> Bench | Z28: =IF('Start-Options'!F6="","",'Start-Options'!F6+'Start-Options'!C34) -> 72.5
B29: =IF(Z27="","",MROUND(Z27*0.7,'Start-Options'!B38)) -> 80 | J29: =IF(Z27="","",MROUND(Z27*0.65,'Start-Options'!B38)) -> 75 | O29: =IF(Z27="","",MROUND(Z27*0.75,'Start-Options'!B38)) -> 87.5 | W29: =IF(Z27="","",MROUND(Z27*0.4,'Start-Options'!B38)) -> 45 | Y29: ='Start-Options'!B7 -> Squat | Z29: =IF('Start-Options'!F7="","",'Start-Options'!F7+'Start-Options'!C35) -> 85
A30: ='Start-Options'!B5 -> Deadlift | B30: =IF(Z27="","",MROUND(Z27*0.8,'Start-Options'!B38)) -> 92.5 | I30: ='Start-Options'!B5 -> Deadlift | J30: =IF(Z27="","",MROUND(Z27*0.75,'Start-Options'!B38)) -> 87.5 | N30: ='Start-Options'!B5 -> Deadlift | O30: =IF(Z27="","",MROUND(Z27*0.85,'Start-Options'!B38)) -> 97.5 | V30: ='Start-Options'!B5 -> Deadlift | W30: =IF(Z27="","",MROUND(Z27*0.5,'Start-Options'!B38)) -> 57.5
B31: =IF(Z27="","",MROUND(Z27*0.9,'Start-Options'!B38)) -> 102.5 | C31: =IF(Z27="","",ROUND((37-36*B31/(Z27+'Start-Options'!F33)),0)) -> 6 | D31: =IF(Z27="","",MROUND(B31*36/(37-C31),'Start-Options'!B38)) -> 120 | F31: =IF(E31="","",MROUND(36*B31/(37-E31),'Start-Options'!B38)) | G31: =Z27 -> 115 | J31: =IF(Z27="","",MROUND(Z27*0.85,'Start-Options'!B38)) -> 97.5 | L31: =IF(K31="","",MROUND(36*J31/(37-K31),5)) | O31: =IF(Z27="","",MROUND(Z27*0.95,'Start-Options'!B38)) -> 110 | P31: =IF(L31="","",IF(F31<Z27,ROUND((37-36*O31/(Z27+'Start-Options'!F33)),0),ROUND((37-36*O31/(F31+'Start-Options'!F33)),0))) | Q31: =IF(P31="","",MROUND(O31*36/(37-P31),'Start-Options'!B38)) | S31: =IF(R31="","",MROUND(36*O31/(37-R31),'Start-Options'!B38)) | T31: =Z27 -> 115 | W31: =IF(Z27="","",MROUND(Z27*0.6,'Start-Options'!B38)) -> 70 | Y31: Warm-up Calc
B32: =IF(Z28="","",MROUND(Z28*0.7,'Start-Options'!B38)) -> 50 | J32: =IF(Z28="","",MROUND(Z28*0.65,'Start-Options'!B38)) -> 47.5 | O32: =IF(Z28="","",MROUND(Z28*0.75,'Start-Options'!B38)) -> 55 | W32: =IF(Z28="","",MROUND(Z28*0.4,'Start-Options'!B38)) -> 30 | Y32: Top Set
A33: ='Start-Options'!B6 -> Bench | B33: =IF(Z28="","",MROUND(Z28*0.8,'Start-Options'!B38)) -> 57.5 | I33: ='Start-Options'!B6 -> Bench | J33: =IF(Z28="","",MROUND(Z28*0.75,'Start-Options'!B38)) -> 55 | N33: ='Start-Options'!B6 -> Bench | O33: =IF(Z28="","",MROUND(Z28*0.85,'Start-Options'!B38)) -> 62.5 | V33: Bench | W33: =IF(Z28="","",MROUND(Z28*0.5,'Start-Options'!B38)) -> 37.5 | Y33: 40%x5 | Z33: =IF(Z32="","",MROUND(Z32*0.4,'Start-Options'!$B$38))
B34: =IF(Z28="","",MROUND(Z28*0.9,'Start-Options'!B38)) -> 65 | C34: =IF(Z28="","",ROUND((37-36*B34/(Z28+'Start-Options'!F34)),0)) -> 6 | D34: =IF(Z28="","",MROUND(B34*36/(37-C34),'Start-Options'!B38)) -> 75 | F34: =IF(E34="","",MROUND(36*B34/(37-E34),'Start-Options'!B38)) | G34: =Z28 -> 72.5 | J34: =IF(Z28="","",MROUND(Z28*0.85,'Start-Options'!B38)) -> 62.5 | L34: =IF(K34="","",MROUND(36*J34/(37-K34),5)) | O34: =IF(Z28="","",MROUND(Z28*0.95,'Start-Options'!B38)) -> 70 | P34: =IF(L34="","",IF(F34<Z28,ROUND((37-36*O34/(Z28+'Start-Options'!F34)),0),ROUND((37-36*O34/(F34+'Start-Options'!F34)),0))) | Q34: =IF(P34="","",MROUND(O34*36/(37-P34),'Start-Options'!B38)) | S34: =IF(R34="","",MROUND(36*O34/(37-R34),'Start-Options'!B38)) | T34: =Z28 -> 72.5 | W34: =IF(Z28="","",MROUND(Z28*0.6,'Start-Options'!B38)) -> 42.5 | Y34: 50%x5 | Z34: =IF(Z32="","",MROUND(Z32*0.5,'Start-Options'!$B$38))
B35: =IF(Z29="","",MROUND(Z29*0.7,'Start-Options'!B38)) -> 60 | J35: =IF(Z29="","",MROUND(Z29*0.65,'Start-Options'!B38)) -> 55 | O35: =IF(Z29="","",MROUND(Z29*0.75,'Start-Options'!B38)) -> 65 | W35: =IF(Z29="","",MROUND(Z29*0.4,'Start-Options'!B38)) -> 35 | Y35: 60%x3 | Z35: =IF(Z32="","",MROUND(Z32*0.6,'Start-Options'!$B$38))
A36: ='Start-Options'!B7 -> Squat | B36: =IF(Z29="","",MROUND(Z29*0.8,'Start-Options'!B38)) -> 67.5 | I36: ='Start-Options'!B7 -> Squat | J36: =IF(Z29="","",MROUND(Z29*0.75,'Start-Options'!B38)) -> 65 | N36: ='Start-Options'!B7 -> Squat | O36: =IF(Z29="","",MROUND(Z29*0.85,'Start-Options'!B38)) -> 72.5 | V36: ='Start-Options'!B7 -> Squat | W36: =IF(Z29="","",MROUND(Z29*0.5,'Start-Options'!B38)) -> 42.5
B37: =IF(Z29="","",MROUND(Z29*0.9,'Start-Options'!B38)) -> 77.5 | C37: =IF(Z29="","",ROUND((37-36*B37/(Z29+'Start-Options'!F35)),0)) -> 5 | D37: =IF(Z29="","",MROUND(B37*36/(37-C37),'Start-Options'!B38)) -> 87.5 | F37: =IF(E37="","",MROUND(36*B37/(37-E37),'Start-Options'!B38)) | G37: =Z29 -> 85 | J37: =IF(Z29="","",MROUND(Z29*0.85,'Start-Options'!B38)) -> 72.5 | L37: =IF(K37="","",MROUND(36*J37/(37-K37),5)) | O37: =IF(Z29="","",MROUND(Z29*0.95,'Start-Options'!B38)) -> 80 | P37: =IF(L37="","",IF(F37<Z29,ROUND((37-36*O37/(Z29+'Start-Options'!F35)),0),ROUND((37-36*O37/(F37+'Start-Options'!F35)),0))) | Q37: =IF(P37="","",MROUND(O37*36/(37-P37),'Start-Options'!B38)) | S37: =IF(R37="","",MROUND(36*O37/(37-R37),'Start-Options'!B38)) | T37: =Z29 -> 85 | W37: =IF(Z29="","",MROUND(Z29*0.6,'Start-Options'!B38)) -> 50
L39: Cycle 3
C40: Week 9 3x3 | J40: Week 10 3x5 | P40: Week 11 5/3/1 | V40: Week 12 Deload
B41: Weight | C41: Rep Goal | D41: 1RM Goal | E41: Reps Done | F41: 1RM | G41: Singles x3 | J41: Weight | K41: Reps Done | L41: 1RM | O41: Weight | P41: Rep Goal | Q41: 1RM Goal | R41: Reps Done | S41: 1RM | T41: Singles x2 | W41: Weight | Y41: Cycle 3 1RM | AA41: Stall | AB41: Backoff Amount
B42: =IF(Z42="","",MROUND(Z42*0.7,'Start-Options'!B38)) -> 37.5 | J42: =IF(Z42="","",MROUND(Z42*0.65,'Start-Options'!B38)) -> 35 | O42: =IF(Z42="","",MROUND(Z42*0.75,'Start-Options'!B38)) -> 42.5 | W42: =IF(Z42="","",MROUND(Z42*0.4,'Start-Options'!B38)) -> 22.5 | Y42: ='Start-Options'!B4 -> Military | Z42: =IF(Z26="","",IF(ISTEXT(AA26),Z26-AB26,Z26+'Start-Options'!C32)) -> 55
A43: ='Start-Options'!B4 -> Military | B43: =IF(Z42="","",MROUND(Z42*0.8,'Start-Options'!B38)) -> 45 | I43: ='Start-Options'!B4 -> Military | J43: =IF(Z42="","",MROUND(Z42*0.75,'Start-Options'!B38)) -> 42.5 | N43: ='Start-Options'!B4 -> Military | O43: =IF(Z42="","",MROUND(Z42*0.85,'Start-Options'!B38)) -> 47.5 | V43: ='Start-Options'!B4 -> Military | W43: =IF(Z42="","",MROUND(Z42*0.5,'Start-Options'!B38)) -> 27.5 | Y43: ='Start-Options'!B5 -> Deadlift | Z43: =IF(Z27="","",IF(ISTEXT(AA27),Z27-AB27,Z27+'Start-Options'!C33)) -> 120
B44: =IF(Z42="","",MROUND(Z42*0.9,'Start-Options'!B38)) -> 50 | C44: =IF(Z42="","",ROUND((37-36*B44/(Z42+'Start-Options'!F32)),0)) -> 6 | D44: =IF(Z42="","",MROUND(B44*36/(37-C44),'Start-Options'!B38)) -> 57.5 | F44: =IF(E44="","",MROUND(36*B44/(37-E44),'Start-Options'!B38)) | G44: =Z42 -> 55 | J44: =IF(Z42="","",MROUND(Z42*0.85,'Start-Options'!B38)) -> 47.5 | L44: =IF(K44="","",MROUND(36*J44/(37-K44),'Start-Options'!B38)) | O44: =IF(Z42="","",MROUND(Z42*0.95,'Start-Options'!B38)) -> 52.5 | P44: =IF(L44="","",IF(F44<Z42,ROUND((37-36*O44/(Z42+'Start-Options'!F32)),0),ROUND((37-36*O44/(F44+'Start-Options'!F32)),0))) | Q44: =IF(P44="","",MROUND(O44*36/(37-P44),'Start-Options'!B38)) | S44: =IF(R44="","",MROUND(36*O44/(37-R44),'Start-Options'!B38)) | T44: =Z42 -> 55 | W44: =IF(Z42="","",MROUND(Z42*0.6,'Start-Options'!B38)) -> 32.5 | Y44: ='Start-Options'!B6 -> Bench | Z44: =IF(Z28="","",IF(ISTEXT(AA28),Z28-AB28,Z28+'Start-Options'!C34)) -> 75
B45: =IF(Z43="","",MROUND(Z43*0.7,'Start-Options'!B38)) -> 85 | J45: =IF(Z43="","",MROUND(Z43*0.65,'Start-Options'!B38)) -> 77.5 | O45: =IF(Z43="","",MROUND(Z43*0.75,'Start-Options'!B38)) -> 90 | W45: =IF(Z43="","",MROUND(Z43*0.4,'Start-Options'!B38)) -> 47.5 | Y45: ='Start-Options'!B7 -> Squat | Z45: =IF(Z29="","",IF(ISTEXT(AA29),Z29-AB29,Z29+'Start-Options'!C35)) -> 90
A46: ='Start-Options'!B5 -> Deadlift | B46: =IF(Z43="","",MROUND(Z43*0.8,'Start-Options'!B38)) -> 95 | I46: ='Start-Options'!B5 -> Deadlift | J46: =IF(Z43="","",MROUND(Z43*0.75,'Start-Options'!B38)) -> 90 | N46: ='Start-Options'!B5 -> Deadlift | O46: =IF(Z43="","",MROUND(Z43*0.85,'Start-Options'!B38)) -> 102.5 | V46: ='Start-Options'!B5 -> Deadlift | W46: =IF(Z43="","",MROUND(Z43*0.5,'Start-Options'!B38)) -> 60
B47: =IF(Z43="","",MROUND(Z43*0.9,'Start-Options'!B38)) -> 107.5 | C47: =IF(Z43="","",ROUND((37-36*B47/(Z43+'Start-Options'!F33)),0)) -> 5 | D47: =IF(Z43="","",MROUND(B47*36/(37-C47),'Start-Options'!B38)) -> 120 | F47: =IF(E47="","",MROUND(36*B47/(37-E47),'Start-Options'!B38)) | G47: =Z43 -> 120 | J47: =IF(Z43="","",MROUND(Z43*0.85,'Start-Options'!B38)) -> 102.5 | L47: =IF(K47="","",MROUND(36*J47/(37-K47),'Start-Options'!B38)) | O47: =IF(Z43="","",MROUND(Z43*0.95,'Start-Options'!B38)) -> 115 | P47: =IF(L47="","",IF(F47<Z43,ROUND((37-36*O47/(Z43+'Start-Options'!F33)),0),ROUND((37-36*O47/(F47+'Start-Options'!F33)),0))) | Q47: =IF(P47="","",MROUND(O47*36/(37-P47),'Start-Options'!B38)) | S47: =IF(R47="","",MROUND(36*O47/(37-R47),'Start-Options'!B38)) | T47: =Z43 -> 120 | W47: =IF(Z43="","",MROUND(Z43*0.6,'Start-Options'!B38)) -> 72.5 | Y47: Warm-up Calc
B48: =IF(Z44="","",MROUND(Z44*0.7,'Start-Options'!B38)) -> 52.5 | J48: =IF(Z44="","",MROUND(Z44*0.65,'Start-Options'!B38)) -> 50 | O48: =IF(Z44="","",MROUND(Z44*0.75,'Start-Options'!B38)) -> 57.5 | W48: =IF(Z44="","",MROUND(Z44*0.4,'Start-Options'!B38)) -> 30 | Y48: Top Set
A49: ='Start-Options'!B6 -> Bench | B49: =IF(Z44="","",MROUND(Z44*0.8,'Start-Options'!B38)) -> 60 | I49: ='Start-Options'!B6 -> Bench | J49: =IF(Z44="","",MROUND(Z44*0.75,'Start-Options'!B38)) -> 57.5 | N49: ='Start-Options'!B6 -> Bench | O49: =IF(Z44="","",MROUND(Z44*0.85,'Start-Options'!B38)) -> 65 | V49: ='Start-Options'!B6 -> Bench | W49: =IF(Z44="","",MROUND(Z44*0.5,'Start-Options'!B38)) -> 37.5 | Y49: 40%x5 | Z49: =IF(Z48="","",MROUND(Z48*0.4,'Start-Options'!$B$38))
B50: =IF(Z44="","",MROUND(Z44*0.9,'Start-Options'!B38)) -> 67.5 | C50: =IF(Z44="","",ROUND((37-36*B50/(Z44+'Start-Options'!F34)),0)) -> 6 | D50: =IF(Z44="","",MROUND(B50*36/(37-C50),'Start-Options'!B38)) -> 77.5 | F50: =IF(E50="","",MROUND(36*B50/(37-E50),'Start-Options'!B38)) | G50: =Z44 -> 75 | J50: =IF(Z44="","",MROUND(Z44*0.85,'Start-Options'!B38)) -> 65 | L50: =IF(K50="","",MROUND(36*J50/(37-K50),'Start-Options'!B38)) | O50: =IF(Z44="","",MROUND(Z44*0.95,'Start-Options'!B38)) -> 72.5 | P50: =IF(L50="","",IF(F50<Z44,ROUND((37-36*O50/(Z44+'Start-Options'!F34)),0),ROUND((37-36*O50/(F50+'Start-Options'!F34)),0))) | Q50: =IF(P50="","",MROUND(O50*36/(37-P50),'Start-Options'!B38)) | S50: =IF(R50="","",MROUND(36*O50/(37-R50),'Start-Options'!B38)) | T50: =Z44 -> 75 | W50: =IF(Z44="","",MROUND(Z44*0.6,'Start-Options'!B38)) -> 45 | Y50: 50%x5 | Z50: =IF(Z48="","",MROUND(Z48*0.5,'Start-Options'!$B$38))
B51: =IF(Z45="","",MROUND(Z45*0.7,'Start-Options'!B38)) -> 62.5 | J51: =IF(Z45="","",MROUND(Z45*0.65,'Start-Options'!B38)) -> 57.5 | O51: =IF(Z45="","",MROUND(Z45*0.75,'Start-Options'!B38)) -> 67.5 | W51: =IF(Z45="","",MROUND(Z45*0.4,'Start-Options'!B38)) -> 35 | Y51: 60%x3 | Z51: =IF(Z48="","",MROUND(Z48*0.6,'Start-Options'!$B$38))
A52: ='Start-Options'!B7 -> Squat | B52: =IF(Z45="","",MROUND(Z45*0.8,'Start-Options'!B38)) -> 72.5 | I52: ='Start-Options'!B7 -> Squat | J52: =IF(Z45="","",MROUND(Z45*0.75,'Start-Options'!B38)) -> 67.5 | N52: ='Start-Options'!B7 -> Squat | O52: =IF(Z45="","",MROUND(Z45*0.85,'Start-Options'!B38)) -> 77.5 | V52: ='Start-Options'!B7 -> Squat | W52: =IF(Z45="","",MROUND(Z45*0.5,'Start-Options'!B38)) -> 45
B53: =IF(Z45="","",MROUND(Z45*0.9,'Start-Options'!B38)) -> 80 | C53: =IF(Z45="","",ROUND((37-36*B53/(Z45+'Start-Options'!F35)),0)) -> 6 | D53: =IF(Z45="","",MROUND(B53*36/(37-C53),'Start-Options'!B38)) -> 92.5 | F53: =IF(E53="","",MROUND(36*B53/(37-E53),5)) | G53: =Z45 -> 90 | J53: =IF(Z45="","",MROUND(Z45*0.85,'Start-Options'!B38)) -> 77.5 | L53: =IF(K53="","",MROUND(36*J53/(37-K53),5)) | O53: =IF(Z45="","",MROUND(Z45*0.95,'Start-Options'!B38)) -> 85 | P53: =IF(L53="","",IF(F53<Z45,ROUND((37-36*O53/(Z45+'Start-Options'!F35)),0),ROUND((37-36*O53/(F53+'Start-Options'!F35)),0))) | Q53: =IF(P53="","",MROUND(O53*36/(37-P53),'Start-Options'!B38)) | S53: =IF(R53="","",MROUND(36*O53/(37-R53),'Start-Options'!B38)) | T53: =Z45 -> 90 | W53: =IF(Z45="","",MROUND(Z45*0.6,'Start-Options'!B38)) -> 55
L55: Cycle 4
C56: Week 13 3x3 | J56: Week 14 3x5 | P56: Week 15 5/3/1 | V56: Week 16 Deload
B57: Weight | C57: Rep Goal | D57: 1RM Goal | E57: Reps Done | F57: 1RM | G57: Singles x3 | J57: Weight | K57: Reps Done | L57: 1RM | O57: Weight | P57: Rep Goal | Q57: 1RM Goal | R57: Reps Done | S57: 1RM | T57: Singles x2 | W57: Weight | Y57: Cycle 4 1RM | AA57: Stall | AB57: Backoff Amount
B58: =IF(Z58="","",MROUND(Z58*0.7,'Start-Options'!B38)) -> 40 | J58: =IF(Z58="","",MROUND(Z58*0.65,'Start-Options'!B38)) -> 37.5 | O58: =IF(Z58="","",MROUND(Z58*0.75,'Start-Options'!B38)) -> 42.5 | W58: =IF(Z58="","",MROUND(Z58*0.4,'Start-Options'!B38)) -> 22.5 | Y58: ='Start-Options'!B4 -> Military | Z58: =IF(Z42="","",IF(ISTEXT(AA42),Z42-AB42,Z42+'Start-Options'!C32)) -> 57.5
A59: ='Start-Options'!B4 -> Military | B59: =IF(Z58="","",MROUND(Z58*0.8,'Start-Options'!B38)) -> 45 | I59: ='Start-Options'!B4 -> Military | J59: =IF(Z58="","",MROUND(Z58*0.75,'Start-Options'!B38)) -> 42.5 | N59: ='Start-Options'!B4 -> Military | O59: =IF(Z58="","",MROUND(Z58*0.85,'Start-Options'!B38)) -> 50 | V59: ='Start-Options'!B4 -> Military | W59: =IF(Z58="","",MROUND(Z58*0.5,'Start-Options'!B38)) -> 30 | Y59: ='Start-Options'!B5 -> Deadlift | Z59: =IF(Z43="","",IF(ISTEXT(AA43),Z43-AB43,Z43+'Start-Options'!C33)) -> 125
B60: =IF(Z58="","",MROUND(Z58*0.9,'Start-Options'!B38)) -> 52.5 | C60: =IF(Z58="","",ROUND((37-36*B60/(Z58+'Start-Options'!F32)),0)) -> 6 | D60: =IF(Z58="","",MROUND(B60*36/(37-C60),'Start-Options'!B38)) -> 60 | F60: =IF(E60="","",MROUND(36*B60/(37-E60),'Start-Options'!B38)) | G60: =Z58 -> 57.5 | J60: =IF(Z58="","",MROUND(Z58*0.85,'Start-Options'!B38)) -> 50 | L60: =IF(K60="","",MROUND(36*J60/(37-K60),'Start-Options'!B38)) | O60: =IF(Z58="","",MROUND(Z58*0.95,'Start-Options'!B38)) -> 55 | P60: =IF(L60="","",IF(F60<Z58,ROUND((37-36*O60/(Z58+'Start-Options'!F32)),0),ROUND((37-36*O60/(F60+'Start-Options'!F32)),0))) | Q60: =IF(P60="","",MROUND(O60*36/(37-P60),'Start-Options'!B38)) | S60: =IF(R60="","",MROUND(36*O60/(37-R60),'Start-Options'!B38)) | T60: =Z58 -> 57.5 | W60: =IF(Z58="","",MROUND(Z58*0.6,'Start-Options'!B38)) -> 35 | Y60: ='Start-Options'!B6 -> Bench | Z60: =IF(Z44="","",IF(ISTEXT(AA44),Z44-AB44,Z44+'Start-Options'!C34)) -> 77.5
B61: =IF(Z59="","",MROUND(Z59*0.7,'Start-Options'!B38)) -> 87.5 | J61: =IF(Z59="","",MROUND(Z59*0.65,'Start-Options'!B38)) -> 82.5 | O61: =IF(Z59="","",MROUND(Z59*0.75,'Start-Options'!B38)) -> 95 | W61: =IF(Z59="","",MROUND(Z59*0.4,'Start-Options'!B38)) -> 50 | Y61: ='Start-Options'!B7 -> Squat | Z61: =IF(Z45="","",IF(ISTEXT(AA45),Z45-AB45,Z45+'Start-Options'!C35)) -> 95
A62: ='Start-Options'!B5 -> Deadlift | B62: =IF(Z59="","",MROUND(Z59*0.8,'Start-Options'!B38)) -> 100 | I62: ='Start-Options'!B5 -> Deadlift | J62: =IF(Z59="","",MROUND(Z59*0.75,'Start-Options'!B38)) -> 95 | N62: ='Start-Options'!B5 -> Deadlift | O62: =IF(Z59="","",MROUND(Z59*0.85,'Start-Options'!B38)) -> 107.5 | V62: ='Start-Options'!B5 -> Deadlift | W62: =IF(Z59="","",MROUND(Z59*0.5,'Start-Options'!B38)) -> 62.5
B63: =IF(Z59="","",MROUND(Z59*0.9,'Start-Options'!B38)) -> 112.5 | C63: =IF(Z59="","",ROUND((37-36*B63/(Z59+'Start-Options'!F33)),0)) -> 5 | D63: =IF(Z59="","",MROUND(B63*36/(37-C63),'Start-Options'!B38)) -> 127.5 | F63: =IF(E63="","",MROUND(36*B63/(37-E63),'Start-Options'!B38)) | G63: =Z59 -> 125 | J63: =IF(Z59="","",MROUND(Z59*0.85,'Start-Options'!B38)) -> 107.5 | L63: =IF(K63="","",MROUND(36*J63/(37-K63),'Start-Options'!B38)) | O63: =IF(Z59="","",MROUND(Z59*0.95,'Start-Options'!B38)) -> 120 | P63: =IF(L63="","",IF(F63<Z59,ROUND((37-36*O63/(Z59+'Start-Options'!F33)),0),ROUND((37-36*O63/(F63+'Start-Options'!F33)),0))) | Q63: =IF(P63="","",MROUND(O63*36/(37-P63),'Start-Options'!B38)) | S63: =IF(R63="","",MROUND(36*O63/(37-R63),'Start-Options'!B38)) | T63: =Z59 -> 125 | W63: =IF(Z59="","",MROUND(Z59*0.6,'Start-Options'!B38)) -> 75 | Y63: Warm-up Calc
B64: =IF(Z60="","",MROUND(Z60*0.7,'Start-Options'!B38)) -> 55 | J64: =IF(Z60="","",MROUND(Z60*0.65,'Start-Options'!B38)) -> 50 | O64: =IF(Z60="","",MROUND(Z60*0.75,'Start-Options'!B38)) -> 57.5 | W64: =IF(Z60="","",MROUND(Z60*0.4,'Start-Options'!B38)) -> 30 | Y64: Top Set
A65: ='Start-Options'!B6 -> Bench | B65: =IF(Z60="","",MROUND(Z60*0.8,'Start-Options'!B38)) -> 62.5 | I65: ='Start-Options'!B6 -> Bench | J65: =IF(Z60="","",MROUND(Z60*0.75,'Start-Options'!B38)) -> 57.5 | N65: ='Start-Options'!B6 -> Bench | O65: =IF(Z60="","",MROUND(Z60*0.85,'Start-Options'!B38)) -> 65 | V65: ='Start-Options'!B6 -> Bench | W65: =IF(Z60="","",MROUND(Z60*0.5,'Start-Options'!B38)) -> 40 | Y65: 40%x5 | Z65: =IF(Z64="","",MROUND(Z64*0.4,'Start-Options'!$B$38))
B66: =IF(Z60="","",MROUND(Z60*0.9,'Start-Options'!B38)) -> 70 | C66: =IF(Z60="","",ROUND((37-36*B66/(Z60+'Start-Options'!F34)),0)) -> 6 | D66: =IF(Z60="","",MROUND(B66*36/(37-C66),'Start-Options'!B38)) -> 82.5 | F66: =IF(E66="","",MROUND(36*B66/(37-E66),5)) | G66: =Z60 -> 77.5 | J66: =IF(Z60="","",MROUND(Z60*0.85,'Start-Options'!B38)) -> 65 | L66: =IF(K66="","",MROUND(36*J66/(37-K66),'Start-Options'!B38)) | O66: =IF(Z60="","",MROUND(Z60*0.95,'Start-Options'!B38)) -> 72.5 | P66: =IF(L66="","",IF(F66<Z60,ROUND((37-36*O66/(Z60+'Start-Options'!F34)),0),ROUND((37-36*O66/(F66+'Start-Options'!F34)),0))) | Q66: =IF(P66="","",MROUND(O66*36/(37-P66),'Start-Options'!B38)) | S66: =IF(R66="","",MROUND(36*O66/(37-R66),'Start-Options'!B38)) | T66: =Z60 -> 77.5 | W66: =IF(Z60="","",MROUND(Z60*0.6,'Start-Options'!B38)) -> 47.5 | Y66: 50%x5 | Z66: =IF(Z64="","",MROUND(Z64*0.5,'Start-Options'!$B$38))
B67: =IF(Z61="","",MROUND(Z61*0.7,'Start-Options'!B38)) -> 67.5 | J67: =IF(Z61="","",MROUND(Z61*0.65,'Start-Options'!B38)) -> 62.5 | O67: =IF(Z61="","",MROUND(Z61*0.75,'Start-Options'!B38)) -> 72.5 | W67: =IF(Z61="","",MROUND(Z61*0.4,'Start-Options'!B38)) -> 37.5 | Y67: 60%x3 | Z67: =IF(Z64="","",MROUND(Z64*0.6,'Start-Options'!$B$38))
A68: ='Start-Options'!B7 -> Squat | B68: =IF(Z61="","",MROUND(Z61*0.8,'Start-Options'!B38)) -> 75 | I68: ='Start-Options'!B7 -> Squat | J68: =IF(Z61="","",MROUND(Z61*0.75,'Start-Options'!B38)) -> 72.5 | N68: ='Start-Options'!B7 -> Squat | O68: =IF(Z61="","",MROUND(Z61*0.85,'Start-Options'!B38)) -> 80 | V68: ='Start-Options'!B7 -> Squat | W68: =IF(Z61="","",MROUND(Z61*0.5,'Start-Options'!B38)) -> 47.5
B69: =IF(Z61="","",MROUND(Z61*0.9,'Start-Options'!B38)) -> 85 | C69: =IF(Z61="","",ROUND((37-36*B69/(Z61+'Start-Options'!F35)),0)) -> 6 | D69: =IF(Z61="","",MROUND(B69*36/(37-C69),5)) -> 100 | F69: =IF(E69="","",MROUND(36*B69/(37-E69),'Start-Options'!B38)) | G69: =Z61 -> 95 | J69: =IF(Z61="","",MROUND(Z61*0.85,'Start-Options'!B38)) -> 80 | L69: =IF(K69="","",MROUND(36*J69/(37-K69),'Start-Options'!B38)) | O69: =IF(Z61="","",MROUND(Z61*0.95,'Start-Options'!B38)) -> 90 | P69: =IF(L69="","",IF(F69<Z61,ROUND((37-36*O69/(Z61+'Start-Options'!F35)),0),ROUND((37-36*O69/(F69+'Start-Options'!F35)),0))) | Q69: =IF(P69="","",MROUND(O69*36/(37-P69),'Start-Options'!B38)) | S69: =IF(R69="","",MROUND(36*O69/(37-R69),'Start-Options'!B38)) | T69: =Z61 -> 95 | W69: =IF(Z61="","",MROUND(Z61*0.6,'Start-Options'!B38)) -> 57.5
L71: Cycle 5
C72: Week 17 3x3 | J72: Week 18 3x5 | P72: Week 19 5/3/1 | V72: Week 20 Deload
B73: Weight | C73: Rep Goal | D73: 1RM Goal | E73: Reps Done | F73: 1RM | G73: Singles x3 | J73: Weight | K73: Reps Done | L73: 1RM | O73: Weight | P73: Rep Goal | Q73: 1RM Goal | R73: Reps Done | S73: 1RM | T73: Singles x2 | W73: Weight | Y73: Cycle 5 1RM | AA73: Stall | AB73: Backoff Amount
B74: =IF(Z74="","",MROUND(Z74*0.7,'Start-Options'!B38)) -> 42.5 | J74: =IF(Z74="","",MROUND(Z74*0.65,'Start-Options'!B38)) -> 40 | O74: =IF(Z74="","",MROUND(Z74*0.75,'Start-Options'!B38)) -> 45 | W74: =IF(Z74="","",MROUND(Z74*0.4,'Start-Options'!B38)) -> 25 | Y74: ='Start-Options'!B4 -> Military | Z74: =IF(Z58="","",IF(ISTEXT(AA58),Z58-AB58,Z58+'Start-Options'!C32)) -> 60
A75: ='Start-Options'!B4 -> Military | B75: =IF(Z74="","",MROUND(Z74*0.8,'Start-Options'!B38)) -> 47.5 | I75: ='Start-Options'!B4 -> Military | J75: =IF(Z74="","",MROUND(Z74*0.75,'Start-Options'!B38)) -> 45 | N75: ='Start-Options'!B4 -> Military | O75: =IF(Z74="","",MROUND(Z74*0.85,'Start-Options'!B38)) -> 50 | V75: ='Start-Options'!B4 -> Military | W75: =IF(Z74="","",MROUND(Z74*0.5,'Start-Options'!B38)) -> 30 | Y75: Deadlift | Z75: =IF(Z59="","",IF(ISTEXT(AA59),Z59-AB59,Z59+'Start-Options'!C33)) -> 130
B76: =IF(Z74="","",MROUND(Z74*0.9,'Start-Options'!B38)) -> 55 | C76: =IF(Z74="","",ROUND((37-36*B76/(Z74+'Start-Options'!F32)),0)) -> 5 | D76: =IF(Z74="","",MROUND(B76*36/(37-C76),'Start-Options'!B38)) -> 62.5 | F76: =IF(E76="","",MROUND(36*B76/(37-E76),'Start-Options'!B38)) | G76: =Z74 -> 60 | J76: =IF(Z74="","",MROUND(Z74*0.85,'Start-Options'!B38)) -> 50 | L76: =IF(K76="","",MROUND(36*J76/(37-K76),'Start-Options'!B38)) | O76: =IF(Z74="","",MROUND(Z74*0.95,'Start-Options'!B38)) -> 57.5 | P76: =IF(L76="","",IF(F76<Z74,ROUND((37-36*O76/(Z74+'Start-Options'!F32)),0),ROUND((37-36*O76/(F76+'Start-Options'!F32)),0))) | Q76: =IF(P76="","",MROUND(O76*36/(37-P76),'Start-Options'!B38)) | S76: =IF(R76="","",MROUND(36*O76/(37-R76),'Start-Options'!B38)) | T76: =Z74 -> 60 | W76: =IF(Z74="","",MROUND(Z74*0.6,'Start-Options'!B38)) -> 35 | Y76: ='Start-Options'!B6 -> Bench | Z76: =IF(Z60="","",IF(ISTEXT(AA60),Z60-AB60,Z60+'Start-Options'!C34)) -> 80
B77: =IF(Z75="","",MROUND(Z75*0.7,'Start-Options'!B38)) -> 90 | J77: =IF(Z75="","",MROUND(Z75*0.65,'Start-Options'!B38)) -> 85 | O77: =IF(Z75="","",MROUND(Z75*0.75,'Start-Options'!B38)) -> 97.5 | W77: =IF(Z75="","",MROUND(Z75*0.4,'Start-Options'!B38)) -> 52.5 | Y77: ='Start-Options'!B7 -> Squat | Z77: =IF(Z61="","",IF(ISTEXT(AA61),Z61-AB61,Z61+'Start-Options'!C35)) -> 100
A78: ='Start-Options'!B5 -> Deadlift | B78: =IF(Z75="","",MROUND(Z75*0.8,'Start-Options'!B38)) -> 105 | I78: ='Start-Options'!B5 -> Deadlift | J78: =IF(Z75="","",MROUND(Z75*0.75,'Start-Options'!B38)) -> 97.5 | N78: ='Start-Options'!B5 -> Deadlift | O78: =IF(Z75="","",MROUND(Z75*0.85,'Start-Options'!B38)) -> 110 | V78: ='Start-Options'!B5 -> Deadlift | W78: =IF(Z75="","",MROUND(Z75*0.5,'Start-Options'!B38)) -> 65
B79: =IF(Z75="","",MROUND(Z75*0.9,'Start-Options'!B38)) -> 117.5 | C79: =IF(Z75="","",ROUND((37-36*B79/(Z75+'Start-Options'!F33)),0)) -> 5 | D79: =IF(Z75="","",MROUND(B79*36/(37-C79),'Start-Options'!B38)) -> 132.5 | F79: =IF(E79="","",MROUND(36*B79/(37-E79),'Start-Options'!B38)) | G79: =Z75 -> 130 | J79: =IF(Z75="","",MROUND(Z75*0.85,'Start-Options'!B38)) -> 110 | L79: =IF(K79="","",MROUND(36*J79/(37-K79),'Start-Options'!B38)) | O79: =IF(Z75="","",MROUND(Z75*0.95,'Start-Options'!B38)) -> 122.5 | P79: =IF(L79="","",IF(F79<Z75,ROUND((37-36*O79/(Z75+'Start-Options'!F33)),0),ROUND((37-36*O79/(F79+'Start-Options'!F33)),0))) | Q79: =IF(P79="","",MROUND(O79*36/(37-P79),'Start-Options'!B38)) | S79: =IF(R79="","",MROUND(36*O79/(37-R79),'Start-Options'!B38)) | T79: =Z75 -> 130 | W79: =IF(Z75="","",MROUND(Z75*0.6,'Start-Options'!B38)) -> 77.5 | Y79: Warm-up Calc
B80: =IF(Z76="","",MROUND(Z76*0.7,'Start-Options'!B38)) -> 55 | J80: =IF(Z76="","",MROUND(Z76*0.65,'Start-Options'!B38)) -> 52.5 | O80: =IF(Z76="","",MROUND(Z76*0.75,'Start-Options'!B38)) -> 60 | W80: =IF(Z76="","",MROUND(Z76*0.4,'Start-Options'!B38)) -> 32.5 | Y80: Top Set
A81: ='Start-Options'!B6 -> Bench | B81: =IF(Z76="","",MROUND(Z76*0.8,'Start-Options'!B38)) -> 65 | I81: ='Start-Options'!B6 -> Bench | J81: =IF(Z76="","",MROUND(Z76*0.75,'Start-Options'!B38)) -> 60 | N81: ='Start-Options'!B6 -> Bench | O81: =IF(Z76="","",MROUND(Z76*0.85,'Start-Options'!B38)) -> 67.5 | V81: ='Start-Options'!B6 -> Bench | W81: =IF(Z76="","",MROUND(Z76*0.5,'Start-Options'!B38)) -> 40 | Y81: 40%x5 | Z81: =IF(Z80="","",MROUND(Z80*0.4,'Start-Options'!$B$38))
B82: =IF(Z76="","",MROUND(Z76*0.9,'Start-Options'!B38)) -> 72.5 | C82: =IF(Z76="","",ROUND((37-36*B82/(Z76+'Start-Options'!F34)),0)) -> 5 | D82: =IF(Z76="","",MROUND(B82*36/(37-C82),'Start-Options'!B38)) -> 82.5 | F82: =IF(E82="","",MROUND(36*B82/(37-E82),'Start-Options'!B38)) | G82: =Z76 -> 80 | J82: =IF(Z76="","",MROUND(Z76*0.85,'Start-Options'!B38)) -> 67.5 | L82: =IF(K82="","",MROUND(36*J82/(37-K82),'Start-Options'!B38)) | O82: =IF(Z76="","",MROUND(Z76*0.95,'Start-Options'!B38)) -> 75 | P82: =IF(L82="","",IF(F82<Z76,ROUND((37-36*O82/(Z76+'Start-Options'!F34)),0),ROUND((37-36*O82/(F82+'Start-Options'!F34)),0))) | Q82: =IF(P82="","",MROUND(O82*36/(37-P82),'Start-Options'!B38)) | S82: =IF(R82="","",MROUND(36*O82/(37-R82),'Start-Options'!B38)) | T82: =Z76 -> 80 | W82: =IF(Z76="","",MROUND(Z76*0.6,'Start-Options'!B38)) -> 47.5 | Y82: 50%x5 | Z82: =IF(Z80="","",MROUND(Z80*0.5,'Start-Options'!$B$38))
B83: =IF(Z77="","",MROUND(Z77*0.7,'Start-Options'!B38)) -> 70 | J83: =IF(Z77="","",MROUND(Z77*0.65,'Start-Options'!B38)) -> 65 | O83: =IF(Z77="","",MROUND(Z77*0.75,'Start-Options'!B38)) -> 75 | W83: =IF(Z77="","",MROUND(Z77*0.4,'Start-Options'!B38)) -> 40 | Y83: 60%x3 | Z83: =IF(Z80="","",MROUND(Z80*0.6,'Start-Options'!$B$38))
A84: ='Start-Options'!B7 -> Squat | B84: =IF(Z77="","",MROUND(Z77*0.8,'Start-Options'!B38)) -> 80 | I84: ='Start-Options'!B7 -> Squat | J84: =IF(Z77="","",MROUND(Z77*0.75,'Start-Options'!B38)) -> 75 | N84: ='Start-Options'!B7 -> Squat | O84: =IF(Z77="","",MROUND(Z77*0.85,'Start-Options'!B38)) -> 85 | V84: ='Start-Options'!B7 -> Squat | W84: =IF(Z77="","",MROUND(Z77*0.5,'Start-Options'!B38)) -> 50
B85: =IF(Z77="","",MROUND(Z77*0.9,'Start-Options'!B38)) -> 90 | C85: =IF(Z77="","",ROUND((37-36*B85/(Z77+'Start-Options'!F35)),0)) -> 5 | D85: =IF(Z77="","",MROUND(B85*36/(37-C85),'Start-Options'!B38)) -> 102.5 | F85: =IF(E85="","",MROUND(36*B85/(37-E85),'Start-Options'!B38)) | G85: =Z77 -> 100 | J85: =IF(Z77="","",MROUND(Z77*0.85,'Start-Options'!B38)) -> 85 | L85: =IF(K85="","",MROUND(36*J85/(37-K85),'Start-Options'!B38)) | O85: =IF(Z77="","",MROUND(Z77*0.95,'Start-Options'!B38)) -> 95 | P85: =IF(L85="","",IF(F85<Z77,ROUND((37-36*O85/(Z77+'Start-Options'!F35)),0),ROUND((37-36*O85/(F85+'Start-Options'!F35)),0))) | Q85: =IF(P85="","",MROUND(O85*36/(37-P85),'Start-Options'!B38)) | S85: =IF(R85="","",MROUND(36*O85/(37-R85),'Start-Options'!B38)) | T85: =Z77 -> 100 | W85: =IF(Z77="","",MROUND(Z77*0.6,'Start-Options'!B38)) -> 60
L87: Cycle 6
C88: Week 21 3x3 | J88: Week 22 3x5 | P88: Week 23 5/3/1 | V88: Week 24 Deload
B89: Weight | C89: Rep Goal | D89: 1RM Goal | E89: Reps Done | F89: 1RM | G89: Singles x3 | J89: Weight | K89: Reps Done | L89: 1RM | O89: Weight | P89: Rep Goal | Q89: 1RM Goal | R89: Reps Done | S89: 1RM | T89: Singles x2 | W89: Weight | Y89: Cycle 6 1RM | AA89: Stall | AB89: Backoff Amount
B90: =IF(Z90="","",MROUND(Z90*0.7,'Start-Options'!B38)) -> 45 | J90: =IF(Z90="","",MROUND(Z90*0.65,'Start-Options'!B38)) -> 40 | O90: =IF(Z90="","",MROUND(Z90*0.75,'Start-Options'!B38)) -> 47.5 | W90: =IF(Z90="","",MROUND(Z90*0.4,'Start-Options'!B38)) -> 25 | Y90: ='Start-Options'!B4 -> Military | Z90: =IF(Z74="","",IF(ISTEXT(AA74),Z74-AB74,Z74+'Start-Options'!C32)) -> 62.5
A91: ='Start-Options'!B4 -> Military | B91: =IF(Z90="","",MROUND(Z90*0.8,'Start-Options'!B38)) -> 50 | I91: ='Start-Options'!B4 -> Military | J91: =IF(Z90="","",MROUND(Z90*0.75,'Start-Options'!B38)) -> 47.5 | N91: ='Start-Options'!B4 -> Military | O91: =IF(Z90="","",MROUND(Z90*0.85,'Start-Options'!B38)) -> 52.5 | V91: ='Start-Options'!B4 -> Military | W91: =IF(Z90="","",MROUND(Z90*0.5,'Start-Options'!B38)) -> 32.5 | Y91: ='Start-Options'!B5 -> Deadlift | Z91: =IF(Z75="","",IF(ISTEXT(AA75),Z75-AB75,Z75+'Start-Options'!C33)) -> 135
B92: =IF(Z90="","",MROUND(Z90*0.9,'Start-Options'!B38)) -> 57.5 | C92: =IF(Z90="","",ROUND((37-36*B92/(Z90+'Start-Options'!F32)),0)) -> 5 | D92: =IF(Z90="","",MROUND(B92*36/(37-C92),'Start-Options'!B38)) -> 65 | F92: =IF(E92="","",MROUND(36*B92/(37-E92),'Start-Options'!B38)) | G92: =Z90 -> 62.5 | J92: =IF(Z90="","",MROUND(Z90*0.85,'Start-Options'!B38)) -> 52.5 | L92: =IF(K92="","",MROUND(36*J92/(37-K92),'Start-Options'!B38)) | O92: =IF(Z90="","",MROUND(Z90*0.95,'Start-Options'!B38)) -> 60 | P92: =IF(L92="","",IF(F92<Z90,ROUND((37-36*O92/(Z90+'Start-Options'!F32)),0),ROUND((37-36*O92/(F92+'Start-Options'!F32)),0))) | Q92: =IF(P92="","",MROUND(O92*36/(37-P92),'Start-Options'!B38)) | S92: =IF(R92="","",MROUND(36*O92/(37-R92),'Start-Options'!B38)) | T92: =Z90 -> 62.5 | W92: =IF(Z90="","",MROUND(Z90*0.6,'Start-Options'!B38)) -> 37.5 | Y92: ='Start-Options'!B6 -> Bench | Z92: =IF(Z76="","",IF(ISTEXT(AA76),Z76-AB76,Z76+'Start-Options'!C34)) -> 82.5
B93: =IF(Z91="","",MROUND(Z91*0.7,'Start-Options'!B38)) -> 95 | J93: =IF(Z91="","",MROUND(Z91*0.65,'Start-Options'!B38)) -> 87.5 | O93: =IF(Z91="","",MROUND(Z91*0.75,'Start-Options'!B38)) -> 102.5 | W93: =IF(Z91="","",MROUND(Z91*0.4,'Start-Options'!B38)) -> 55 | Y93: ='Start-Options'!B7 -> Squat | Z93: =IF(Z77="","",IF(ISTEXT(AA77),Z77-AB77,Z77+'Start-Options'!C35)) -> 105
A94: ='Start-Options'!B5 -> Deadlift | B94: =IF(Z91="","",MROUND(Z91*0.8,'Start-Options'!B38)) -> 107.5 | I94: ='Start-Options'!B5 -> Deadlift | J94: =IF(Z91="","",MROUND(Z91*0.75,'Start-Options'!B38)) -> 102.5 | N94: ='Start-Options'!B5 -> Deadlift | O94: =IF(Z91="","",MROUND(Z91*0.85,'Start-Options'!B38)) -> 115 | V94: ='Start-Options'!B5 -> Deadlift | W94: =IF(Z91="","",MROUND(Z91*0.5,'Start-Options'!B38)) -> 67.5
B95: =IF(Z91="","",MROUND(Z91*0.9,'Start-Options'!B38)) -> 122.5 | C95: =IF(Z91="","",ROUND((37-36*B95/(Z91+'Start-Options'!F33)),0)) -> 5 | D95: =IF(Z91="","",MROUND(B95*36/(37-C95),'Start-Options'!B38)) -> 137.5 | F95: =IF(E95="","",MROUND(36*B95/(37-E95),'Start-Options'!B38)) | G95: =Z91 -> 135 | J95: =IF(Z91="","",MROUND(Z91*0.85,'Start-Options'!B38)) -> 115 | L95: =IF(K95="","",MROUND(36*J95/(37-K95),'Start-Options'!B38)) | O95: =IF(Z91="","",MROUND(Z91*0.95,'Start-Options'!B38)) -> 127.5 | P95: =IF(L95="","",IF(F95<Z91,ROUND((37-36*O95/(Z91+'Start-Options'!F33)),0),ROUND((37-36*O95/(F95+'Start-Options'!F33)),0))) | Q95: =IF(P95="","",MROUND(O95*36/(37-P95),'Start-Options'!B38)) | S95: =IF(R95="","",MROUND(36*O95/(37-R95),'Start-Options'!B38)) | T95: =Z91 -> 135 | W95: =IF(Z91="","",MROUND(Z91*0.6,'Start-Options'!B38)) -> 80 | Y95: Warm-up Calc
B96: =IF(Z92="","",MROUND(Z92*0.7,'Start-Options'!B38)) -> 57.5 | J96: =IF(Z92="","",MROUND(Z92*0.65,'Start-Options'!B38)) -> 52.5 | O96: =IF(Z92="","",MROUND(Z92*0.75,'Start-Options'!B38)) -> 62.5 | W96: =IF(Z92="","",MROUND(Z92*0.4,'Start-Options'!B38)) -> 32.5 | Y96: Top Set
A97: ='Start-Options'!B6 -> Bench | B97: =IF(Z92="","",MROUND(Z92*0.8,'Start-Options'!B38)) -> 65 | I97: ='Start-Options'!B6 -> Bench | J97: =IF(Z92="","",MROUND(Z92*0.75,'Start-Options'!B38)) -> 62.5 | N97: ='Start-Options'!B6 -> Bench | O97: =IF(Z92="","",MROUND(Z92*0.85,'Start-Options'!B38)) -> 70 | V97: ='Start-Options'!B6 -> Bench | W97: =IF(Z92="","",MROUND(Z92*0.5,'Start-Options'!B38)) -> 42.5 | Y97: 40%x5 | Z97: =IF(Z96="","",MROUND(Z96*0.4,'Start-Options'!$B$38))
B98: =IF(Z92="","",MROUND(Z92*0.9,'Start-Options'!B38)) -> 75 | C98: =IF(Z92="","",ROUND((37-36*B98/(Z92+'Start-Options'!F34)),0)) -> 5 | D98: =IF(Z92="","",MROUND(B98*36/(37-C98),'Start-Options'!B38)) -> 85 | F98: =IF(E98="","",MROUND(36*B98/(37-E98),'Start-Options'!B38)) | G98: =Z92 -> 82.5 | J98: =IF(Z92="","",MROUND(Z92*0.85,'Start-Options'!B38)) -> 70 | L98: =IF(K98="","",MROUND(36*J98/(37-K98),'Start-Options'!B38)) | O98: =IF(Z92="","",MROUND(Z92*0.95,'Start-Options'!B38)) -> 77.5 | P98: =IF(L98="","",IF(F98<Z92,ROUND((37-36*O98/(Z92+'Start-Options'!F34)),0),ROUND((37-36*O98/(F98+'Start-Options'!F34)),0))) | Q98: =IF(P98="","",MROUND(O98*36/(37-P98),'Start-Options'!B38)) | S98: =IF(R98="","",MROUND(36*O98/(37-R98),'Start-Options'!B38)) | T98: =Z92 -> 82.5 | W98: =IF(Z92="","",MROUND(Z92*0.6,'Start-Options'!B38)) -> 50 | Y98: 50%x5 | Z98: =IF(Z96="","",MROUND(Z96*0.5,'Start-Options'!$B$38))
B99: =IF(Z93="","",MROUND(Z93*0.7,'Start-Options'!B38)) -> 72.5 | J99: =IF(Z93="","",MROUND(Z93*0.65,'Start-Options'!B38)) -> 67.5 | O99: =IF(Z93="","",MROUND(Z93*0.75,'Start-Options'!B38)) -> 80 | W99: =IF(Z93="","",MROUND(Z93*0.4,'Start-Options'!B38)) -> 42.5 | Y99: 60%x3 | Z99: =IF(Z96="","",MROUND(Z96*0.6,'Start-Options'!$B$38))
A100: ='Start-Options'!B7 -> Squat | B100: =IF(Z93="","",MROUND(Z93*0.8,'Start-Options'!B38)) -> 85 | I100: ='Start-Options'!B7 -> Squat | J100: =IF(Z93="","",MROUND(Z93*0.75,'Start-Options'!B38)) -> 80 | N100: ='Start-Options'!B7 -> Squat | O100: =IF(Z93="","",MROUND(Z93*0.85,'Start-Options'!B38)) -> 90 | V100: ='Start-Options'!B7 -> Squat | W100: =IF(Z93="","",MROUND(Z93*0.5,'Start-Options'!B38)) -> 52.5
B101: =IF(Z93="","",MROUND(Z93*0.9,'Start-Options'!B38)) -> 95 | C101: =IF(Z93="","",ROUND((37-36*B101/(Z93+'Start-Options'!F35)),0)) -> 5 | D101: =IF(Z93="","",MROUND(B101*36/(37-C101),'Start-Options'!B38)) -> 107.5 | F101: =IF(E101="","",MROUND(36*B101/(37-E101),'Start-Options'!B38)) | G101: =Z93 -> 105 | J101: =IF(Z93="","",MROUND(Z93*0.85,'Start-Options'!B38)) -> 90 | L101: =IF(K101="","",MROUND(36*J101/(37-K101),'Start-Options'!B38)) | O101: =IF(Z93="","",MROUND(Z93*0.95,'Start-Options'!B38)) -> 100 | P101: =IF(L101="","",IF(F101<Z93,ROUND((37-36*O101/(Z93+'Start-Options'!F35)),0),ROUND((37-36*O101/(F101+'Start-Options'!F35)),0))) | Q101: =IF(P101="","",MROUND(O101*36/(37-P101),'Start-Options'!B38)) | S101: =IF(R101="","",MROUND(36*O101/(37-R101),'Start-Options'!B38)) | T101: =Z93 -> 105 | W101: =IF(Z93="","",MROUND(Z93*0.6,'Start-Options'!B38)) -> 62.5
L103: Cycle 7
C104: Week 25 3x3 | J104: Week 26 3x5 | P104: Week 27 5/3/1 | V104: Week 28 Deload
B105: Weight | C105: Rep Goal | D105: 1RM Goal | E105: Reps Done | F105: 1RM | G105: Singles x3 | J105: Weight | K105: Reps Done | L105: 1RM | O105: Weight | P105: Rep Goal | Q105: 1RM Goal | R105: Reps Done | S105: 1RM | T105: Singles x2 | W105: Weight | Y105: Cycle 7 1RM | AA105: Stall | AB105: Backoff Amount
B106: =IF(Z106="","",MROUND(Z106*0.7,'Start-Options'!B38)) -> 45 | J106: =IF(Z106="","",MROUND(Z106*0.65,'Start-Options'!B38)) -> 42.5 | O106: =IF(Z106="","",MROUND(Z106*0.75,'Start-Options'!B38)) -> 50 | W106: =IF(Z106="","",MROUND(Z106*0.4,'Start-Options'!B38)) -> 25 | Y106: ='Start-Options'!B4 -> Military | Z106: =IF(Z90="","",IF(ISTEXT(AA90),Z90-AB90,Z90+'Start-Options'!C32)) -> 65
A107: ='Start-Options'!B4 -> Military | B107: =IF(Z106="","",MROUND(Z106*0.8,'Start-Options'!B38)) -> 52.5 | I107: ='Start-Options'!B4 -> Military | J107: =IF(Z106="","",MROUND(Z106*0.75,'Start-Options'!B38)) -> 50 | N107: ='Start-Options'!B4 -> Military | O107: =IF(Z106="","",MROUND(Z106*0.85,'Start-Options'!B38)) -> 55 | V107: ='Start-Options'!B4 -> Military | W107: =IF(Z106="","",MROUND(Z106*0.5,'Start-Options'!B38)) -> 32.5 | Y107: ='Start-Options'!B5 -> Deadlift | Z107: =IF(Z91="","",IF(ISTEXT(AA91),Z91-AB91,Z91+'Start-Options'!C33)) -> 140
B108: =IF(Z106="","",MROUND(Z106*0.9,'Start-Options'!B38)) -> 57.5 | C108: =IF(Z106="","",ROUND((37-36*B108/(Z106+'Start-Options'!F32)),0)) -> 6 | D108: =IF(Z106="","",MROUND(B108*36/(37-C108),'Start-Options'!B38)) -> 67.5 | F108: =IF(E108="","",MROUND(36*B108/(37-E108),'Start-Options'!B38)) | G108: =Z106 -> 65 | J108: =IF(Z106="","",MROUND(Z106*0.85,'Start-Options'!B38)) -> 55 | L108: =IF(K108="","",MROUND(36*J108/(37-K108),'Start-Options'!B38)) | O108: =IF(Z106="","",MROUND(Z106*0.95,'Start-Options'!B38)) -> 62.5 | P108: =IF(L108="","",IF(F108<Z106,ROUND((37-36*O108/(Z106+'Start-Options'!F32)),0),ROUND((37-36*O108/(F108+'Start-Options'!F32)),0))) | Q108: =IF(P108="","",MROUND(O108*36/(37-P108),'Start-Options'!B38)) | S108: =IF(R108="","",MROUND(36*O108/(37-R108),'Start-Options'!B38)) | T108: =Z106 -> 65 | W108: =IF(Z106="","",MROUND(Z106*0.6,'Start-Options'!B38)) -> 40 | Y108: ='Start-Options'!B6 -> Bench | Z108: =IF(Z92="","",IF(ISTEXT(AA92),Z92-AB92,Z92+'Start-Options'!C34)) -> 85
...

Sheet 351 PL Progress Tracker
H1: 3/5/1 PL Progress Tracker | N1: v3.0F
A2: ONLY Compatible with 3/5/1 PL
H4: Highest Estimated 1RM to Date | N4: 351 PL Program
H5: Military | I5: Deadlift | J5: Bench | K5: Squat | N5: Accessory Planner
H6: =IF(MAX(X10:X48)=0,"",MAX(X10:X48)) | I6: =IF(MAX(Y10:Y48)=0,"",MAX(Y10:Y48)) | J6: =IF(MAX(Z10:Z48)=0,"",MAX(Z10:Z48)) | K6: =IF(MAX(AA10:AA48)=0,"",MAX(AA10:AA48)) | N6: Start/Options
X8: Military | Y8: Deadlift | Z8: Bench | AA8: Squat
V9: Cycle | W9: Wk | X9: 1RM | Y9: 1RM | Z9: 1RM | AA9: 1RM
V10: 1 | W10: 1 | X10: ='351 PL'!F12 | Y10: ='351 PL'!F15 | Z10: ='351 PL'!F18 | AA10: ='351 PL'!F21
W11: 2 | X11: ='351 PL'!L12 | Y11: ='351 PL'!L15 | Z11: ='351 PL'!L18 | AA11: ='351 PL'!L21
W12: 3 | X12: ='351 PL'!S12 | Y12: ='351 PL'!S15 | Z12: ='351 PL'!S18 | AA12: ='351 PL'!S21
V13: 2 | W13: 5 | X13: ='351 PL'!F28 | Y13: ='351 PL'!F31 | Z13: ='351 PL'!F34 | AA13: ='351 PL'!F37
W14: 6 | X14: ='351 PL'!L28 | Y14: ='351 PL'!L31 | Z14: ='351 PL'!L34 | AA14: ='351 PL'!L37
W15: 7 | X15: ='351 PL'!S28 | Y15: ='351 PL'!S31 | Z15: ='351 PL'!S34 | AA15: ='351 PL'!S37
V16: 3 | W16: 9 | X16: ='351 PL'!F44 | Y16: ='351 PL'!F47 | Z16: ='351 PL'!F50 | AA16: ='351 PL'!F53
W17: 10 | X17: ='351 PL'!L44 | Y17: ='351 PL'!L47 | Z17: ='351 PL'!L50 | AA17: ='351 PL'!L53
W18: 11 | X18: ='351 PL'!S44 | Y18: ='351 PL'!S47 | Z18: ='351 PL'!S50 | AA18: ='351 PL'!S53
V19: 4 | W19: 13 | X19: ='351 PL'!F60 | Y19: ='351 PL'!F63 | Z19: ='351 PL'!F66 | AA19: ='351 PL'!F69
W20: 14 | X20: ='351 PL'!L60 | Y20: ='351 PL'!L63 | Z20: ='351 PL'!L66 | AA20: ='351 PL'!L69
W21: 15 | X21: ='351 PL'!S60 | Y21: ='351 PL'!S63 | Z21: ='351 PL'!S66 | AA21: ='351 PL'!S69
V22: 5 | W22: 17 | X22: ='351 PL'!F76 | Y22: ='351 PL'!F79 | Z22: ='351 PL'!F82 | AA22: ='351 PL'!F85
W23: 18 | X23: ='351 PL'!L76 | Y23: ='351 PL'!L79 | Z23: ='351 PL'!L82 | AA23: ='351 PL'!L85
W24: 19 | X24: ='351 PL'!S76 | Y24: ='351 PL'!S79 | Z24: ='351 PL'!S82 | AA24: ='351 PL'!S85
V25: 6 | W25: 21 | X25: ='351 PL'!F92 | Y25: ='351 PL'!F95 | Z25: ='351 PL'!F98 | AA25: ='351 PL'!F101
W26: 22 | X26: ='351 PL'!L92 | Y26: ='351 PL'!L95 | Z26: ='351 PL'!L98 | AA26: ='351 PL'!L101
W27: 23 | X27: ='351 PL'!S92 | Y27: ='351 PL'!S95 | Z27: ='351 PL'!S98 | AA27: ='351 PL'!S101
V28: 7 | W28: 25 | X28: ='351 PL'!F108 | Y28: ='351 PL'!F111 | Z28: ='351 PL'!F114 | AA28: ='351 PL'!F117
W29: 26 | X29: ='351 PL'!L108 | Y29: ='351 PL'!L111 | Z29: ='351 PL'!L114 | AA29: ='351 PL'!L117
W30: 27 | X30: ='351 PL'!S108 | Y30: ='351 PL'!S111 | Z30: ='351 PL'!S114 | AA30: ='351 PL'!S117
V31: 8 | W31: 29 | X31: ='351 PL'!F124 | Y31: ='351 PL'!F127 | Z31: ='351 PL'!F130 | AA31: ='351 PL'!F133
W32: 30 | X32: ='351 PL'!L124 | Y32: ='351 PL'!L127 | Z32: ='351 PL'!L130 | AA32: ='351 PL'!L133
W33: 31 | X33: ='351 PL'!S124 | Y33: ='351 PL'!S127 | Z33: ='351 PL'!S130 | AA33: ='351 PL'!S133
V34: 9 | W34: 33 | X34: ='351 PL'!F140 | Y34: ='351 PL'!F143 | Z34: ='351 PL'!F146 | AA34: ='351 PL'!F149
W35: 34 | X35: ='351 PL'!L140 | Y35: ='351 PL'!L143 | Z35: ='351 PL'!L146 | AA35: ='351 PL'!L149
W36: 35 | X36: ='351 PL'!S140 | Y36: ='351 PL'!S143 | Z36: ='351 PL'!S146 | AA36: ='351 PL'!S149
V37: 10 | W37: 37 | X37: ='351 PL'!F156 | Y37: ='351 PL'!F159 | Z37: ='351 PL'!F162 | AA37: ='351 PL'!F165
W38: 38 | X38: ='351 PL'!L156 | Y38: ='351 PL'!L159 | Z38: ='351 PL'!L162 | AA38: ='351 PL'!L165
W39: 39 | X39: ='351 PL'!S156 | Y39: ='351 PL'!S159 | Z39: ='351 PL'!S162 | AA39: ='351 PL'!S165
V40: 11 | W40: 41 | X40: ='351 PL'!F172 | Y40: ='351 PL'!F175 | Z40: ='351 PL'!F178 | AA40: ='351 PL'!F181
W41: 42 | X41: ='351 PL'!L172 | Y41: ='351 PL'!L175 | Z41: ='351 PL'!L178 | AA41: ='351 PL'!L181
W42: 43 | X42: ='351 PL'!S172 | Y42: ='351 PL'!S175 | Z42: ='351 PL'!S178 | AA42: ='351 PL'!S181
V43: 12 | W43: 45 | X43: ='351 PL'!F188 | Y43: ='351 PL'!F191 | Z43: ='351 PL'!F194 | AA43: ='351 PL'!F197
W44: 46 | X44: ='351 PL'!L188 | Y44: ='351 PL'!L191 | Z44: ='351 PL'!L194 | AA44: ='351 PL'!L197
W45: 47 | X45: ='351 PL'!S188 | Y45: ='351 PL'!S191 | Z45: ='351 PL'!S194 | AA45: ='351 PL'!S197
V46: 13 | W46: 49 | X46: ='351 PL'!F204 | Y46: ='351 PL'!F207 | Z46: ='351 PL'!F210 | AA46: ='351 PL'!F213
W47: 50 | X47: ='351 PL'!L204 | Y47: ='351 PL'!L207 | Z47: ='351 PL'!L210 | AA47: ='351 PL'!L213
W48: 51 | X48: ='351 PL'!S204 | Y48: ='351 PL'!S207 | Z48: ='351 PL'!S210 | AA48: ='351 PL'!S213

Sheet Updates
D1: 5/3/1 Worksheet Updates | J1: By Pazienxa/diregna
A2: v1.0 | B2: Completed Caculators
A3: v1.1 | B3: Updated rounding in Rep Goals resulting in higher accuracy Added a Rep Req'd Calculator
A4: v1.2 | B4: Added a Multi Calculator which includes weights Added Cycle Clear Button and Button to Clear all entries. (MACROS needs to be enabled to run this feature) Added a "Shades" Version of Spreadsheet
A5: v2.0 | B5: Removed macros which was experiencing compatibility issues across different OS and Excel versions Removed colour codes Added Progress Tracker Added Stalling adjustments Improved ease of use for various estimators Added a Start Page where initial starting weights and stats are entered Addition of Hyperlinking 3/5/1 Powerlifting Calculator Added Adjusted Width of cells to prevent resolve the issue of ####
A6: v2.1 | B6: Added a rounding option to support KG/Smaller increments Major bug in 3/5/1 Powerlifting patched Added ability to change exercise order
A7: v3.0F | B7: Accessory Tracker featuring Simplest Strength Template and Boring but Big
B8: Added 3/5/1 Powerlifting Tracker
B9: Added 5/3/1 3-Day Beginner
B10: Added Warm-up Calculators More Bug Patches

Sheet 531 3-Day Beginner
K1: 5/3/1 3-Day Beginner | P1: v3.0F
C3: 1RM Calculator | I3: Rep Goal Calculator | N3: Weight Calculator
C4: Weight | D4: Reps | E4: 1RM | I4: Weight | J4: 1RM | K4: Rep | N4: 1RM | O4: Reps | P4: Weight | S4: Start/Options
E5: =IF(OR(D5="",C5=""),"",MROUND((36*C5)/(37-D5),'Start-Options'!B38)) | K5: =IF(OR(I5="",J5=""),"",ROUND(37-(36*I5/J5),0)) | P5: =IF(OR(O5="",N5=""),"",MROUND(N5/(36/(37-O5)),'Start-Options'!B38)) | S5: Accessory Planner
J7: Cycle 1
A8: Week 1 3x5+ | G8: Week 2 3x3+ | M8: Week 3 3x5,3,1+
B9: Weight | C9: Reps | D9: Weight | E9: Reps | H9: Weight | I9: Reps | J9: Weight | K9: Reps | N9: Weight | O9: Reps | P9: Weight | Q9: Reps | S9: Cycle 1 1RM
A10: Day 1 | B10: Squat 5/3/1 | D10: Bench 3x5 | G10: Day 1 | H10: Squat 5/3/1 | J10: Bench 3x5 | M10: Day 1 | N10: Squat 5/3/1 | P10: Bench 3x5 | S10: Military | T10: ='Start-Options'!F4 -> 50
B11: =IF(T13="","",MROUND(T13*0.65,'Start-Options'!$B$38)) -> 52.5 | C11: 5 | D11: =IF(T12="","",MROUND(T12*0.55,'Start-Options'!$B$38)) -> 37.5 | E11: 5 | H11: =IF(T13="","",MROUND(T13*0.7,'Start-Options'!$B$38)) -> 55 | I11: 3 | J11: =IF(D11="","",D11) -> 37.5 | K11: 5 | N11: =IF(T13="","",MROUND(T13*0.75,'Start-Options'!$B$38)) -> 60 | O11: 5 | P11: =IF(D11="","",D11) -> 37.5 | Q11: 5 | S11: Deadlift | T11: ='Start-Options'!F5 -> 110
B12: =IF(T13="","",MROUND(T13*0.75,'Start-Options'!$B$38)) -> 60 | C12: 5 | D12: =IF(T12="","",MROUND(T12*0.65,'Start-Options'!$B$38)) -> 45 | H12: =IF(T13="","",MROUND(T13*0.8,'Start-Options'!$B$38)) -> 65 | I12: 3 | J12: =IF(D12="","",D12) -> 45 | N12: =IF(T13="","",MROUND(T13*0.85,'Start-Options'!$B$38)) -> 67.5 | O12: 3 | P12: =IF(D12="","",D12) -> 45 | S12: Bench | T12: ='Start-Options'!F6 -> 70
B13: =IF(T13="","",MROUND(T13*0.85,'Start-Options'!$B$38)) -> 67.5 | D13: =IF(T12="","",MROUND(T12*0.75,'Start-Options'!$B$38)) -> 52.5 | H13: =IF(T13="","",MROUND(T13*0.9,'Start-Options'!$B$38)) -> 72.5 | J13: =IF(D13="","",D13) -> 52.5 | N13: =IF(T13="","",MROUND(T13*0.95,'Start-Options'!$B$38)) -> 75 | P13: =IF(D13="","",D13) -> 52.5 | S13: Squat | T13: ='Start-Options'!F7 -> 80
A14: Day 2 | B14: Deadlift 5/3/1 | D14: Military 5/3/1 | G14: Day 2 | H14: Deadlift 5/3/1 | J14: Military 5/3/1 | M14: Day 2 | N14: Deadlift 5/3/1 | P14: Military 5/3/1
B15: =IF(T11="","",MROUND(T11*0.65,'Start-Options'!$B$38)) -> 72.5 | C15: 5 | D15: =IF(T10="","",MROUND(T10*0.65,'Start-Options'!$B$38)) -> 32.5 | E15: 5 | H15: =IF(T11="","",MROUND(T11*0.7,'Start-Options'!$B$38)) -> 77.5 | I15: 3 | J15: =IF(T10="","",MROUND(T10*0.7,'Start-Options'!$B$38)) -> 35 | K15: 3 | N15: =IF(T11="","",MROUND(T11*0.75,'Start-Options'!$B$38)) -> 82.5 | O15: 5 | P15: =IF(T10="","",MROUND(T10*0.75,'Start-Options'!$B$38)) -> 37.5 | Q15: 5 | S15: Warm-up Calc
B16: =IF(T11="","",MROUND(T11*0.75,'Start-Options'!$B$38)) -> 82.5 | C16: 5 | D16: =IF(T10="","",MROUND(T10*0.75,'Start-Options'!$B$38)) -> 37.5 | E16: 5 | H16: =IF(T11="","",MROUND(T11*0.8,'Start-Options'!$B$38)) -> 87.5 | I16: 3 | J16: =IF(T10="","",MROUND(T10*0.8,'Start-Options'!$B$38)) -> 40 | K16: 3 | N16: =IF(T11="","",MROUND(T11*0.85,'Start-Options'!$B$38)) -> 92.5 | O16: 3 | P16: =IF(T10="","",MROUND(T10*0.85,'Start-Options'!$B$38)) -> 42.5 | Q16: 3 | S16: Top Set
B17: =IF(T11="","",MROUND(T11*0.85,'Start-Options'!$B$38)) -> 92.5 | D17: =IF(T10="","",MROUND(T10*0.85,'Start-Options'!$B$38)) -> 42.5 | H17: =IF(T11="","",MROUND(T11*0.9,'Start-Options'!$B$38)) -> 100 | J17: =IF(T10="","",MROUND(T10*0.9,'Start-Options'!$B$38)) -> 45 | N17: =IF(T11="","",MROUND(T11*0.95,'Start-Options'!$B$38)) -> 105 | P17: =IF(T10="","",MROUND(T10*0.95,'Start-Options'!$B$38)) -> 47.5 | S17: 40%x5 | T17: =IF(T16="","",MROUND(T16*0.4,'Start-Options'!$B$38))
A18: Day 3 | B18: Bench 5/3/1 | D18: Squat 3x5 | G18: Day 3 | H18: Bench 5/3/1 | J18: Squat 3x5 | M18: Day 3 | N18: Bench 5/3/1 | P18: Squat 3x5 | S18: 50%x5 | T18: =IF(T16="","",MROUND(T16*0.5,'Start-Options'!$B$38))
B19: =IF(T12="","",MROUND(T12*0.65,'Start-Options'!$B$38)) -> 45 | C19: 5 | D19: =IF(T13="","",MROUND(T13*0.55,'Start-Options'!$B$38)) -> 45 | E19: 5 | H19: =IF(T12="","",MROUND(T12*0.7,'Start-Options'!$B$38)) -> 50 | I19: 3 | J19: =IF(D19="","",D19) -> 45 | K19: 5 | N19: =IF(T12="","",MROUND(T12*0.75,'Start-Options'!$B$38)) -> 52.5 | O19: 5 | P19: =IF(D19="","",D19) -> 45 | Q19: 5 | S19: 60%x3 | T19: =IF(T16="","",MROUND(T16*0.6,'Start-Options'!$B$38))
B20: =IF(T12="","",MROUND(T12*0.75,'Start-Options'!$B$38)) -> 52.5 | C20: 5 | D20: =IF(T13="","",MROUND(T13*0.65,'Start-Options'!$B$38)) -> 52.5 | H20: =IF(T12="","",MROUND(T12*0.8,'Start-Options'!$B$38)) -> 55 | I20: 3 | J20: =IF(D20="","",D20) -> 52.5 | N20: =IF(T12="","",MROUND(T12*0.85,'Start-Options'!$B$38)) -> 60 | O20: 3 | P20: =IF(D20="","",D20) -> 52.5
B21: =IF(T12="","",MROUND(T12*0.85,'Start-Options'!$B$38)) -> 60 | D21: =IF(T13="","",MROUND(T13*0.75,'Start-Options'!$B$38)) -> 60 | H21: =IF(T12="","",MROUND(T12*0.9,'Start-Options'!$B$38)) -> 62.5 | J21: =IF(D21="","",D21) -> 60 | N21: =IF(T12="","",MROUND(T12*0.95,'Start-Options'!$B$38)) -> 67.5 | P21: =IF(D21="","",D21) -> 60
J23: Cycle 2
A24: Week 4 3x5+ | G24: Week 5 3x3+ | M24: Week 6 3x5,3,1+
B25: Weight | C25: Reps | D25: Weight | E25: Reps | H25: Weight | I25: Reps | J25: Weight | K25: Reps | N25: Weight | O25: Reps | P25: Weight | Q25: Reps | S25: Cycle 2 1RM | U25: Stall | V25: Backoff Amount
A26: Day 1 | B26: Squat 5/3/1 | D26: Bench 3x5 | G26: Day 1 | H26: Squat 5/3/1 | J26: Bench 3x5 | M26: Day 1 | N26: Squat 5/3/1 | P26: Bench 3x5 | S26: ='Start-Options'!B4 -> Military | T26: =IF('Start-Options'!F4="","",'Start-Options'!F4+'Start-Options'!C32) -> 52.5
B27: =IF(T29="","",MROUND(T29*0.65,'Start-Options'!$B$38)) -> 55 | C27: 5 | D27: =IF(T28="","",MROUND(T28*0.55,'Start-Options'!$B$38)) -> 40 | E27: 5 | H27: =IF(T29="","",MROUND(T29*0.7,'Start-Options'!$B$38)) -> 60 | I27: 3 | J27: =IF(D27="","",D27) -> 40 | K27: 5 | N27: =IF(T29="","",MROUND(T29*0.75,'Start-Options'!$B$38)) -> 65 | O27: 5 | P27: =IF(D27="","",D27) -> 40 | Q27: 5 | S27: ='Start-Options'!B5 -> Deadlift | T27: =IF('Start-Options'!F5="","",'Start-Options'!F5+'Start-Options'!C33) -> 115
B28: =IF(T29="","",MROUND(T29*0.75,'Start-Options'!$B$38)) -> 65 | C28: 5 | D28: =IF(T28="","",MROUND(T28*0.65,'Start-Options'!$B$38)) -> 47.5 | H28: =IF(T29="","",MROUND(T29*0.8,'Start-Options'!$B$38)) -> 67.5 | I28: 3 | J28: =IF(D28="","",D28) -> 47.5 | N28: =IF(T29="","",MROUND(T29*0.85,'Start-Options'!$B$38)) -> 72.5 | O28: 3 | P28: =IF(D28="","",D28) -> 47.5 | S28: ='Start-Options'!B6 -> Bench | T28: =IF('Start-Options'!F6="","",'Start-Options'!F6+'Start-Options'!C34) -> 72.5
B29: =IF(T29="","",MROUND(T29*0.85,'Start-Options'!$B$38)) -> 72.5 | D29: =IF(T28="","",MROUND(T28*0.75,'Start-Options'!$B$38)) -> 55 | H29: =IF(T29="","",MROUND(T29*0.9,'Start-Options'!$B$38)) -> 77.5 | J29: =IF(D29="","",D29) -> 55 | N29: =IF(T29="","",MROUND(T29*0.95,'Start-Options'!$B$38)) -> 80 | P29: =IF(D29="","",D29) -> 55 | S29: ='Start-Options'!B7 -> Squat | T29: =IF('Start-Options'!F7="","",'Start-Options'!F7+'Start-Options'!C35) -> 85
A30: Day 2 | B30: Deadlift 5/3/1 | D30: Military 5/3/1 | G30: Day 2 | H30: Deadlift 5/3/1 | J30: Military 5/3/1 | M30: Day 2 | N30: Deadlift 5/3/1 | P30: Military 5/3/1
B31: =IF(T27="","",MROUND(T27*0.65,'Start-Options'!$B$38)) -> 75 | C31: 5 | D31: =IF(T26="","",MROUND(T26*0.65,'Start-Options'!$B$38)) -> 35 | E31: 5 | H31: =IF(T27="","",MROUND(T27*0.7,'Start-Options'!$B$38)) -> 80 | I31: 3 | J31: =IF(T26="","",MROUND(T26*0.7,'Start-Options'!$B$38)) -> 37.5 | K31: 3 | N31: =IF(T27="","",MROUND(T27*0.75,'Start-Options'!$B$38)) -> 87.5 | O31: 5 | P31: =IF(T26="","",MROUND(T26*0.75,'Start-Options'!$B$38)) -> 40 | Q31: 5 | S31: Warm-up Calc
B32: =IF(T27="","",MROUND(T27*0.75,'Start-Options'!$B$38)) -> 87.5 | C32: 5 | D32: =IF(T26="","",MROUND(T26*0.75,'Start-Options'!$B$38)) -> 40 | E32: 5 | H32: =IF(T27="","",MROUND(T27*0.8,'Start-Options'!$B$38)) -> 92.5 | I32: 3 | J32: =IF(T26="","",MROUND(T26*0.8,'Start-Options'!$B$38)) -> 42.5 | K32: 3 | N32: =IF(T27="","",MROUND(T27*0.85,'Start-Options'!$B$38)) -> 97.5 | O32: 3 | P32: =IF(T26="","",MROUND(T26*0.85,'Start-Options'!$B$38)) -> 45 | Q32: 3 | S32: Top Set
B33: =IF(T27="","",MROUND(T27*0.85,'Start-Options'!$B$38)) -> 97.5 | D33: =IF(T26="","",MROUND(T26*0.85,'Start-Options'!$B$38)) -> 45 | H33: =IF(T27="","",MROUND(T27*0.9,'Start-Options'!$B$38)) -> 102.5 | J33: =IF(T26="","",MROUND(T26*0.9,'Start-Options'!$B$38)) -> 47.5 | N33: =IF(T27="","",MROUND(T27*0.95,'Start-Options'!$B$38)) -> 110 | P33: =IF(T26="","",MROUND(T26*0.95,'Start-Options'!$B$38)) -> 50 | S33: 40%x5 | T33: =IF(T32="","",MROUND(T32*0.4,'Start-Options'!$B$38))
A34: Day 3 | B34: Bench 5/3/1 | D34: Squat 3x5 | G34: Day 3 | H34: Bench 5/3/1 | J34: Squat 3x5 | M34: Day 3 | N34: Bench 5/3/1 | P34: Squat 3x5 | S34: 50%x5 | T34: =IF(T32="","",MROUND(T32*0.5,'Start-Options'!$B$38))
B35: =IF(T28="","",MROUND(T28*0.65,'Start-Options'!$B$38)) -> 47.5 | C35: 5 | D35: =IF(T29="","",MROUND(T29*0.55,'Start-Options'!$B$38)) -> 47.5 | E35: 5 | H35: =IF(T28="","",MROUND(T28*0.7,'Start-Options'!$B$38)) -> 50 | I35: 3 | J35: =IF(D35="","",D35) -> 47.5 | K35: 5 | N35: =IF(T28="","",MROUND(T28*0.75,'Start-Options'!$B$38)) -> 55 | O35: 5 | P35: =IF(D35="","",D35) -> 47.5 | Q35: 5 | S35: 60%x3 | T35: =IF(T32="","",MROUND(T32*0.6,'Start-Options'!$B$38))
B36: =IF(T28="","",MROUND(T28*0.75,'Start-Options'!$B$38)) -> 55 | C36: 5 | D36: =IF(T29="","",MROUND(T29*0.65,'Start-Options'!$B$38)) -> 55 | H36: =IF(T28="","",MROUND(T28*0.8,'Start-Options'!$B$38)) -> 57.5 | I36: 3 | J36: =IF(D36="","",D36) -> 55 | N36: =IF(T28="","",MROUND(T28*0.85,'Start-Options'!$B$38)) -> 62.5 | O36: 3 | P36: =IF(D36="","",D36) -> 55
B37: =IF(T28="","",MROUND(T28*0.85,'Start-Options'!$B$38)) -> 62.5 | D37: =IF(T29="","",MROUND(T29*0.75,'Start-Options'!$B$38)) -> 65 | H37: =IF(T28="","",MROUND(T28*0.9,'Start-Options'!$B$38)) -> 65 | J37: =IF(D37="","",D37) -> 65 | N37: =IF(T28="","",MROUND(T28*0.95,'Start-Options'!$B$38)) -> 70 | P37: =IF(D37="","",D37) -> 65
J39: Cycle 3
A40: Week 7 3x5+ | G40: Week 8 3x3+ | M40: Week 9 3x5,3,1+
B41: Weight | C41: Reps | D41: Weight | E41: Reps | H41: Weight | I41: Reps | J41: Weight | K41: Reps | N41: Weight | O41: Reps | P41: Weight | Q41: Reps | S41: Cycle 3 1RM | U41: Stall | V41: Backoff Amount
A42: Day 1 | B42: Squat 5/3/1 | D42: Bench 3x5 | G42: Day 1 | H42: Squat 5/3/1 | J42: Bench 3x5 | M42: Day 1 | N42: Squat 5/3/1 | P42: Bench 3x5 | S42: ='Start-Options'!$B$4 -> Military | T42: =IF(T26="","",IF(ISTEXT(U26),T26-V26,T26+'Start-Options'!$C$32)) -> 55
B43: =IF(T45="","",MROUND(T45*0.65,'Start-Options'!$B$38)) -> 57.5 | C43: 5 | D43: =IF(T44="","",MROUND(T44*0.55,'Start-Options'!$B$38)) -> 42.5 | E43: 5 | H43: =IF(T45="","",MROUND(T45*0.7,'Start-Options'!$B$38)) -> 62.5 | I43: 3 | J43: =IF(D43="","",D43) -> 42.5 | K43: 5 | N43: =IF(T45="","",MROUND(T45*0.75,'Start-Options'!$B$38)) -> 67.5 | O43: 5 | P43: =IF(D43="","",D43) -> 42.5 | Q43: 5 | S43: ='Start-Options'!$B$5 -> Deadlift | T43: =IF(T27="","",IF(ISTEXT(U27),T27-V27,T27+'Start-Options'!$C$33)) -> 120
B44: =IF(T45="","",MROUND(T45*0.75,'Start-Options'!$B$38)) -> 67.5 | C44: 5 | D44: =IF(T44="","",MROUND(T44*0.65,'Start-Options'!$B$38)) -> 50 | H44: =IF(T45="","",MROUND(T45*0.8,'Start-Options'!$B$38)) -> 72.5 | I44: 3 | J44: =IF(D44="","",D44) -> 50 | N44: =IF(T45="","",MROUND(T45*0.85,'Start-Options'!$B$38)) -> 77.5 | O44: 3 | P44: =IF(D44="","",D44) -> 50 | S44: ='Start-Options'!$B$6 -> Bench | T44: =IF(T28="","",IF(ISTEXT(U28),T28-V28,T28+'Start-Options'!$C$34)) -> 75
B45: =IF(T45="","",MROUND(T45*0.85,'Start-Options'!$B$38)) -> 77.5 | D45: =IF(T44="","",MROUND(T44*0.75,'Start-Options'!$B$38)) -> 57.5 | H45: =IF(T45="","",MROUND(T45*0.9,'Start-Options'!$B$38)) -> 80 | J45: =IF(D45="","",D45) -> 57.5 | N45: =IF(T45="","",MROUND(T45*0.95,'Start-Options'!$B$38)) -> 85 | P45: =IF(D45="","",D45) -> 57.5 | S45: ='Start-Options'!$B$7 -> Squat | T45: =IF(T29="","",IF(ISTEXT(U29),T29-V29,T29+'Start-Options'!$C$35)) -> 90
A46: Day 2 | B46: Deadlift 5/3/1 | D46: Press 5/3/1 | G46: Day 2 | H46: Deadlift 5/3/1 | J46: Press 5/3/1 | M46: Day 2 | N46: Deadlift 5/3/1 | P46: Press 5/3/1
B47: =IF(T43="","",MROUND(T43*0.65,'Start-Options'!$B$38)) -> 77.5 | C47: 5 | D47: =IF(T42="","",MROUND(T42*0.65,'Start-Options'!$B$38)) -> 35 | E47: 5 | H47: =IF(T43="","",MROUND(T43*0.7,'Start-Options'!$B$38)) -> 85 | I47: 3 | J47: =IF(T42="","",MROUND(T42*0.7,'Start-Options'!$B$38)) -> 37.5 | K47: 3 | N47: =IF(T43="","",MROUND(T43*0.75,'Start-Options'!$B$38)) -> 90 | O47: 5 | P47: =IF(T42="","",MROUND(T42*0.75,'Start-Options'!$B$38)) -> 42.5 | Q47: 5 | S47: Warm-up Calc
B48: =IF(T43="","",MROUND(T43*0.75,'Start-Options'!$B$38)) -> 90 | C48: 5 | D48: =IF(T42="","",MROUND(T42*0.75,'Start-Options'!$B$38)) -> 42.5 | E48: 5 | H48: =IF(T43="","",MROUND(T43*0.8,'Start-Options'!$B$38)) -> 95 | I48: 3 | J48: =IF(T42="","",MROUND(T42*0.8,'Start-Options'!$B$38)) -> 45 | K48: 3 | N48: =IF(T43="","",MROUND(T43*0.85,'Start-Options'!$B$38)) -> 102.5 | O48: 3 | P48: =IF(T42="","",MROUND(T42*0.85,'Start-Options'!$B$38)) -> 47.5 | Q48: 3 | S48: Top Set
B49: =IF(T43="","",MROUND(T43*0.85,'Start-Options'!$B$38)) -> 102.5 | D49: =IF(T42="","",MROUND(T42*0.85,'Start-Options'!$B$38)) -> 47.5 | H49: =IF(T43="","",MROUND(T43*0.9,'Start-Options'!$B$38)) -> 107.5 | J49: =IF(T42="","",MROUND(T42*0.9,'Start-Options'!$B$38)) -> 50 | N49: =IF(T43="","",MROUND(T43*0.95,'Start-Options'!$B$38)) -> 115 | P49: =IF(T42="","",MROUND(T42*0.95,'Start-Options'!$B$38)) -> 52.5 | S49: 40%x5 | T49: =IF(T48="","",MROUND(T48*0.4,'Start-Options'!$B$38))
A50: Day 3 | B50: Bench 5/3/1 | D50: Squat 3x5 | G50: Day 3 | H50: Bench 5/3/1 | J50: Squat 3x5 | M50: Day 3 | N50: Bench 5/3/1 | P50: Squat 3x5 | S50: 50%x5 | T50: =IF(T48="","",MROUND(T48*0.5,'Start-Options'!$B$38))
B51: =IF(T44="","",MROUND(T44*0.65,'Start-Options'!$B$38)) -> 50 | C51: 5 | D51: =IF(T45="","",MROUND(T45*0.55,'Start-Options'!$B$38)) -> 50 | E51: 5 | H51: =IF(T44="","",MROUND(T44*0.7,'Start-Options'!$B$38)) -> 52.5 | I51: 3 | J51: =IF(D51="","",D51) -> 50 | K51: 5 | N51: =IF(T44="","",MROUND(T44*0.75,'Start-Options'!$B$38)) -> 57.5 | O51: 5 | P51: =IF(D51="","",D51) -> 50 | Q51: 5 | S51: 60%x3 | T51: =IF(T48="","",MROUND(T48*0.6,'Start-Options'!$B$38))
B52: =IF(T44="","",MROUND(T44*0.75,'Start-Options'!$B$38)) -> 57.5 | C52: 5 | D52: =IF(T45="","",MROUND(T45*0.65,'Start-Options'!$B$38)) -> 57.5 | H52: =IF(T44="","",MROUND(T44*0.8,'Start-Options'!$B$38)) -> 60 | I52: 3 | J52: =IF(D52="","",D52) -> 57.5 | N52: =IF(T44="","",MROUND(T44*0.85,'Start-Options'!$B$38)) -> 65 | O52: 3 | P52: =IF(D52="","",D52) -> 57.5
B53: =IF(T44="","",MROUND(T44*0.85,'Start-Options'!$B$38)) -> 65 | D53: =IF(T45="","",MROUND(T45*0.75,'Start-Options'!$B$38)) -> 67.5 | H53: =IF(T44="","",MROUND(T44*0.9,'Start-Options'!$B$38)) -> 67.5 | J53: =IF(D53="","",D53) -> 67.5 | N53: =IF(T44="","",MROUND(T44*0.95,'Start-Options'!$B$38)) -> 72.5 | P53: =IF(D53="","",D53) -> 67.5
J55: Cycle 4
A56: Week 10 3x5+ | G56: Week 11 3x3+ | M56: Week 12 3x5,3,1+
B57: Weight | C57: Reps | D57: Weight | E57: Reps | H57: Weight | I57: Reps | J57: Weight | K57: Reps | N57: Weight | O57: Reps | P57: Weight | Q57: Reps | S57: Cycle 4 1RM | U57: Stall | V57: Backoff Amount
A58: Day 1 | B58: Squat 5/3/1 | D58: Bench 3x5 | G58: Day 1 | H58: Squat 5/3/1 | J58: Bench 3x5 | M58: Day 1 | N58: Squat 5/3/1 | P58: Bench 3x5 | S58: ='Start-Options'!$B$4 -> Military | T58: =IF(T42="","",IF(ISTEXT(U42),T42-V42,T42+'Start-Options'!$C$32)) -> 57.5
B59: =IF(T61="","",MROUND(T61*0.65,'Start-Options'!$B$38)) -> 62.5 | C59: 5 | D59: =IF(T60="","",MROUND(T60*0.55,'Start-Options'!$B$38)) -> 42.5 | E59: 5 | H59: =IF(T61="","",MROUND(T61*0.7,'Start-Options'!$B$38)) -> 67.5 | I59: 3 | J59: =IF(D59="","",D59) -> 42.5 | K59: 5 | N59: =IF(T61="","",MROUND(T61*0.75,'Start-Options'!$B$38)) -> 72.5 | O59: 5 | P59: =IF(D59="","",D59) -> 42.5 | Q59: 5 | S59: ='Start-Options'!$B$5 -> Deadlift | T59: =IF(T43="","",IF(ISTEXT(U43),T43-V43,T43+'Start-Options'!$C$33)) -> 125
B60: =IF(T61="","",MROUND(T61*0.75,'Start-Options'!$B$38)) -> 72.5 | C60: 5 | D60: =IF(T60="","",MROUND(T60*0.65,'Start-Options'!$B$38)) -> 50 | H60: =IF(T61="","",MROUND(T61*0.8,'Start-Options'!$B$38)) -> 75 | I60: 3 | J60: =IF(D60="","",D60) -> 50 | N60: =IF(T61="","",MROUND(T61*0.85,'Start-Options'!$B$38)) -> 80 | O60: 3 | P60: =IF(D60="","",D60) -> 50 | S60: ='Start-Options'!$B$6 -> Bench | T60: =IF(T44="","",IF(ISTEXT(U44),T44-V44,T44+'Start-Options'!$C$34)) -> 77.5
B61: =IF(T61="","",MROUND(T61*0.85,'Start-Options'!$B$38)) -> 80 | D61: =IF(T60="","",MROUND(T60*0.75,'Start-Options'!$B$38)) -> 57.5 | H61: =IF(T61="","",MROUND(T61*0.9,'Start-Options'!$B$38)) -> 85 | J61: =IF(D61="","",D61) -> 57.5 | N61: =IF(T61="","",MROUND(T61*0.95,'Start-Options'!$B$38)) -> 90 | P61: =IF(D61="","",D61) -> 57.5 | S61: ='Start-Options'!$B$7 -> Squat | T61: =IF(T45="","",IF(ISTEXT(U45),T45-V45,T45+'Start-Options'!$C$35)) -> 95
A62: Day 2 | B62: Deadlift 5/3/1 | D62: Military 5/3/1 | G62: Day 2 | H62: Deadlift 5/3/1 | J62: Military 5/3/1 | M62: Day 2 | N62: Deadlift 5/3/1 | P62: Military 5/3/1
B63: =IF(T59="","",MROUND(T59*0.65,'Start-Options'!$B$38)) -> 82.5 | C63: 5 | D63: =IF(T58="","",MROUND(T58*0.65,'Start-Options'!$B$38)) -> 37.5 | E63: 5 | H63: =IF(T59="","",MROUND(T59*0.7,'Start-Options'!$B$38)) -> 87.5 | I63: 3 | J63: =IF(T58="","",MROUND(T58*0.7,'Start-Options'!$B$38)) -> 40 | K63: 3 | N63: =IF(T59="","",MROUND(T59*0.75,'Start-Options'!$B$38)) -> 95 | O63: 5 | P63: =IF(T58="","",MROUND(T58*0.75,'Start-Options'!$B$38)) -> 42.5 | Q63: 5 | S63: Warm-up Calc
B64: =IF(T59="","",MROUND(T59*0.75,'Start-Options'!$B$38)) -> 95 | C64: 5 | D64: =IF(T58="","",MROUND(T58*0.75,'Start-Options'!$B$38)) -> 42.5 | E64: 5 | H64: =IF(T59="","",MROUND(T59*0.8,'Start-Options'!$B$38)) -> 100 | I64: 3 | J64: =IF(T58="","",MROUND(T58*0.8,'Start-Options'!$B$38)) -> 45 | K64: 3 | N64: =IF(T59="","",MROUND(T59*0.85,'Start-Options'!$B$38)) -> 107.5 | O64: 3 | P64: =IF(T58="","",MROUND(T58*0.85,'Start-Options'!$B$38)) -> 50 | Q64: 3 | S64: Top Set
B65: =IF(T59="","",MROUND(T59*0.85,'Start-Options'!$B$38)) -> 107.5 | D65: =IF(T58="","",MROUND(T58*0.85,'Start-Options'!$B$38)) -> 50 | H65: =IF(T59="","",MROUND(T59*0.9,'Start-Options'!$B$38)) -> 112.5 | J65: =IF(T58="","",MROUND(T58*0.9,'Start-Options'!$B$38)) -> 52.5 | N65: =IF(T59="","",MROUND(T59*0.95,'Start-Options'!$B$38)) -> 120 | P65: =IF(T58="","",MROUND(T58*0.95,'Start-Options'!$B$38)) -> 55 | S65: 40%x5 | T65: =IF(T64="","",MROUND(T64*0.4,'Start-Options'!$B$38))
A66: Day 3 | B66: Bench 5/3/1 | D66: Squat 3x5 | G66: Day 3 | H66: Bench 5/3/1 | J66: Squat 3x5 | M66: Day 3 | N66: Bench 5/3/1 | P66: Squat 3x5 | S66: 50%x5 | T66: =IF(T64="","",MROUND(T64*0.5,'Start-Options'!$B$38))
B67: =IF(T60="","",MROUND(T60*0.65,'Start-Options'!$B$38)) -> 50 | C67: 5 | D67: =IF(T61="","",MROUND(T61*0.55,'Start-Options'!$B$38)) -> 52.5 | E67: 5 | H67: =IF(T60="","",MROUND(T60*0.7,'Start-Options'!$B$38)) -> 55 | I67: 3 | J67: =IF(D67="","",D67) -> 52.5 | K67: 5 | N67: =IF(T60="","",MROUND(T60*0.75,'Start-Options'!$B$38)) -> 57.5 | O67: 5 | P67: =IF(D67="","",D67) -> 52.5 | Q67: 5 | S67: 60%x3 | T67: =IF(T64="","",MROUND(T64*0.6,'Start-Options'!$B$38))
B68: =IF(T60="","",MROUND(T60*0.75,'Start-Options'!$B$38)) -> 57.5 | C68: 5 | D68: =IF(T61="","",MROUND(T61*0.65,'Start-Options'!$B$38)) -> 62.5 | H68: =IF(T60="","",MROUND(T60*0.8,'Start-Options'!$B$38)) -> 62.5 | I68: 3 | J68: =IF(D68="","",D68) -> 62.5 | N68: =IF(T60="","",MROUND(T60*0.85,'Start-Options'!$B$38)) -> 65 | O68: 3 | P68: =IF(D68="","",D68) -> 62.5
B69: =IF(T60="","",MROUND(T60*0.85,'Start-Options'!$B$38)) -> 65 | D69: =IF(T61="","",MROUND(T61*0.75,'Start-Options'!$B$38)) -> 72.5 | H69: =IF(T60="","",MROUND(T60*0.9,'Start-Options'!$B$38)) -> 70 | J69: =IF(D69="","",D69) -> 72.5 | N69: =IF(T60="","",MROUND(T60*0.95,'Start-Options'!$B$38)) -> 72.5 | P69: =IF(D69="","",D69) -> 72.5
J71: Cycle 5
A72: Week 13 3x5+ | G72: Week 14 3x3+ | M72: Week 15 3x5,3,1+
B73: Weight | C73: Reps | D73: Weight | E73: Reps | H73: Weight | I73: Reps | J73: Weight | K73: Reps | N73: Weight | O73: Reps | P73: Weight | Q73: Reps | S73: Cycle 5 1RM | U73: Stall | V73: Backoff Amount
A74: Day 1 | B74: Squat 5/3/1 | D74: Bench 3x5 | G74: Day 1 | H74: Squat 5/3/1 | J74: Bench 3x5 | M74: Day 1 | N74: Squat 5/3/1 | P74: Bench 3x5 | S74: ='Start-Options'!$B$4 -> Military | T74: =IF(T58="","",IF(ISTEXT(U58),T58-V58,T58+'Start-Options'!$C$32)) -> 60
B75: =IF(T77="","",MROUND(T77*0.65,'Start-Options'!$B$38)) -> 65 | C75: 5 | D75: =IF(T76="","",MROUND(T76*0.55,'Start-Options'!$B$38)) -> 45 | E75: 5 | H75: =IF(T77="","",MROUND(T77*0.7,'Start-Options'!$B$38)) -> 70 | I75: 3 | J75: =IF(D75="","",D75) -> 45 | K75: 5 | N75: =IF(T77="","",MROUND(T77*0.75,'Start-Options'!$B$38)) -> 75 | O75: 5 | P75: =IF(D75="","",D75) -> 45 | Q75: 5 | S75: ='Start-Options'!$B$5 -> Deadlift | T75: =IF(T59="","",IF(ISTEXT(U59),T59-V59,T59+'Start-Options'!$C$33)) -> 130
B76: =IF(T77="","",MROUND(T77*0.75,'Start-Options'!$B$38)) -> 75 | C76: 5 | D76: =IF(T76="","",MROUND(T76*0.65,'Start-Options'!$B$38)) -> 52.5 | H76: =IF(T77="","",MROUND(T77*0.8,'Start-Options'!$B$38)) -> 80 | I76: 3 | J76: =IF(D76="","",D76) -> 52.5 | N76: =IF(T77="","",MROUND(T77*0.85,'Start-Options'!$B$38)) -> 85 | O76: 3 | P76: =IF(D76="","",D76) -> 52.5 | S76: ='Start-Options'!$B$6 -> Bench | T76: =IF(T60="","",IF(ISTEXT(U60),T60-V60,T60+'Start-Options'!$C$34)) -> 80
